"","Year","Catch","EFFHA","YR"
"1",1992,0,0.41593,1
"2",1992,0,0.41593,1
"3",1992,0,0.41593,1
"4",1992,0,0.41593,1
"5",1992,0,0.3241,1
"6",1992,0,0.3241,1
"7",1992,0,0.3241,1
"8",1992,0,0.41593,1
"9",1992,0,0.41593,1
"10",1992,1,0.62389,1
"11",1992,0,0.62389,1
"12",1992,0,0.62389,1
"13",1992,0,0.62389,1
"14",1992,0,0.41593,1
"15",1992,0,0.3241,1
"16",1992,0,0.3241,1
"17",1992,0,0.3241,1
"18",1992,0,0.3241,1
"19",1992,1,0.41593,1
"20",1992,0,0.41593,1
"21",1992,0,0.62389,1
"22",1992,0,0.62389,1
"23",1992,1,0.62389,1
"24",1992,0,0.62389,1
"25",1992,1,0.33274,1
"26",1992,0,0.3241,1
"27",1992,0,0.41593,1
"28",1992,0,0.41593,1
"29",1992,0,0.41593,1
"30",1992,0,0.19446,1
"31",1992,0,0.3241,1
"32",1992,0,0.3241,1
"33",1992,0,0.62389,1
"34",1992,0,0.62389,1
"35",1992,1,0.41593,1
"36",1992,1,0.62389,1
"37",1992,0,0.62389,1
"38",1992,0,0.41593,1
"39",1992,0,0.41593,1
"40",1992,0,0.41593,1
"41",1992,0,0.41593,1
"42",1992,0,0.41593,1
"43",1992,0,0.41593,1
"44",1992,0,0.41593,1
"45",1992,0,0.3241,1
"46",1992,0,0.33526756,1
"47",1992,0,0.31967372,1
"48",1992,0,0.34306448,1
"49",1992,0,0.31967372,1
"50",1992,0,0.30407988,1
"51",1992,0,0.3508614,1
"52",1992,0,0.33526756,1
"53",1992,0,0.34306448,1
"54",1992,0,0.32747064,1
"55",1992,0,0.3508614,1
"56",1992,0,0.37425216,1
"57",1992,0,0.35865832,1
"58",1992,0,0.4288306,1
"59",1992,0,0.33526756,1
"60",1992,0,0.36645524,1
"61",1992,0,0.3508614,1
"62",1992,0,0.3508614,1
"63",1992,0,0.3508614,1
"64",1992,0,0.35865832,1
"65",1992,0,0.32747064,1
"66",1992,0,0.3508614,1
"67",1992,0,0.36645524,1
"68",1992,0,0.32747064,1
"69",1992,0,0.32747064,1
"70",1992,0,0.3508614,1
"71",1992,0,0.3508614,1
"72",1992,0,0.33526756,1
"73",1992,0,0.34306448,1
"74",1992,0,0.3508614,1
"75",1992,0,0.3508614,1
"76",1992,0,0.48340904,1
"77",1992,0,0.678096,1
"78",1992,0,0.678096,1
"79",1992,0,0.678096,1
"80",1992,0,0.452064,1
"81",1992,0,0.452064,1
"82",1992,0,0.452064,1
"83",1992,0,0.452064,1
"84",1992,0,0.452064,1
"85",1992,0,0.452064,1
"86",1992,0,0.452064,1
"87",1992,0,0.452064,1
"88",1992,3,0.678096,1
"89",1992,1,0.678096,1
"90",1993,0,0.62389,2
"91",1993,0,0.16205,2
"92",1993,1,0.3241,2
"93",1993,0,0.16205,2
"94",1993,0,0.16205,2
"95",1993,4,0.16205,2
"96",1993,0,0.16205,2
"97",1993,0,0.16205,2
"98",1993,0,0.41593,2
"99",1993,0,0.41593,2
"100",1993,1,0.62389,2
"101",1993,0,0.41593,2
"102",1993,2,0.62389,2
"103",1993,1,0.62389,2
"104",1993,1,0.62389,2
"105",1993,0,0.62389,2
"106",1993,0,0.62389,2
"107",1993,1,0.41593,2
"108",1993,1,0.62389,2
"109",1993,1,0.16205,2
"110",1993,0,0.41593,2
"111",1993,2,0.62389,2
"112",1993,0,0.16205,2
"113",1993,0,0.3241,2
"114",1993,1,0.62389,2
"115",1993,0,0.16205,2
"116",1993,0,0.16205,2
"117",1993,0,0.16205,2
"118",1993,0,0.16205,2
"119",1993,1,0.62389,2
"120",1993,0,0.62389,2
"121",1993,0,0.62389,2
"122",1993,0,0.41593,2
"123",1993,1,0.62389,2
"124",1993,0,0.41593,2
"125",1993,0,0.41593,2
"126",1993,0,0.62389,2
"127",1993,0,0.41593,2
"128",1993,0,0.33526756,2
"129",1993,0,0.36645524,2
"130",1993,0,0.37425216,2
"131",1993,0,0.3508614,2
"132",1993,0,0.36645524,2
"133",1993,0,0.36645524,2
"134",1993,0,0.35865832,2
"135",1993,0,0.3508614,2
"136",1993,0,0.22611068,2
"137",1993,0,0.3508614,2
"138",1993,0,0.14814148,2
"139",1993,0,0.36645524,2
"140",1993,0,0.33526756,2
"141",1993,0,0.34306448,2
"142",1993,0,0.30407988,2
"143",1993,0,0.389846,2
"144",1993,0,0.34306448,2
"145",1993,0,0.37425216,2
"146",1993,0,0.389846,2
"147",1993,0,0.31967372,2
"148",1993,0,0.3118768,2
"149",1993,0,0.37425216,2
"150",1993,0,0.35865832,2
"151",1993,0,0.38204908,2
"152",1993,0,0.24170452,2
"153",1993,0,0.33526756,2
"154",1993,0,0.3118768,2
"155",1993,0,0.35865832,2
"156",1993,0,0.35865832,2
"157",1993,0,0.36645524,2
"158",1993,0,0.446624,2
"159",1993,1,0.452064,2
"160",1993,0,0.452064,2
"161",1993,0,0.452064,2
"162",1994,0,0.62389,3
"163",1994,0,0.62389,3
"164",1994,0,0.41593,3
"165",1994,0,0.41593,3
"166",1994,2,0.62389,3
"167",1994,0,0.41593,3
"168",1994,1,0.3241,3
"169",1994,0,0.3241,3
"170",1994,0,0.48615,3
"171",1994,2,0.3241,3
"172",1994,0,0.3241,3
"173",1994,2,0.48615,3
"174",1994,0,0.48615,3
"175",1994,0,0.62389,3
"176",1994,0,0.62389,3
"177",1994,1,0.62389,3
"178",1994,0,0.3241,3
"179",1994,1,0.3241,3
"180",1994,1,0.3241,3
"181",1994,0,0.48615,3
"182",1994,0,0.09723,3
"183",1994,0,0.48615,3
"184",1994,1,0.48615,3
"185",1994,0,0.62389,3
"186",1994,0,0.62389,3
"187",1994,0,0.41593,3
"188",1994,3,0.62389,3
"189",1994,0,0.41593,3
"190",1994,0,0.62389,3
"191",1994,1,0.41593,3
"192",1994,0,0.62389,3
"193",1994,0,0.41593,3
"194",1994,0,0.48615,3
"195",1994,1,0.3241,3
"196",1994,0,0.3241,3
"197",1994,1,0.62389,3
"198",1994,4,0.62389,3
"199",1994,6,0.62389,3
"200",1994,0,0.3508614,3
"201",1994,0,0.38204908,3
"202",1994,0,0.49900288,3
"203",1994,0,0.33526756,3
"204",1994,0,0.35865832,3
"205",1994,0,0.34306448,3
"206",1994,0,0.35865832,3
"207",1994,0,0.37425216,3
"208",1994,0,0.36645524,3
"209",1994,0,0.3508614,3
"210",1994,0,0.36645524,3
"211",1994,0,0.36645524,3
"212",1994,0,0.36645524,3
"213",1994,2,0.35865832,3
"214",1994,0,0.37425216,3
"215",1994,0,0.34306448,3
"216",1994,0,0.37425216,3
"217",1994,0,0.35865832,3
"218",1994,0,0.35865832,3
"219",1994,0,0.389846,3
"220",1994,0,0.3508614,3
"221",1994,0,0.33526756,3
"222",1994,0,0.55358132,3
"223",1994,0,0.35865832,3
"224",1994,0,0.3508614,3
"225",1994,0,0.33526756,3
"226",1994,0,0.35865832,3
"227",1994,0,0.32747064,3
"228",1994,0,0.34306448,3
"229",1994,0,0.3508614,3
"230",1994,0,0.35865832,3
"231",1994,0,0.34306448,3
"232",1994,0,0.25729836,3
"233",1994,0,0.452064,3
"234",1994,0,0.452064,3
"235",1994,0,0.452064,3
"236",1994,0,0.452064,3
"237",1994,0,0.452064,3
"238",1994,0,0.452064,3
"239",1994,0,0.452064,3
"240",1994,0,0.452064,3
"241",1995,0,0.68177,4
"242",1995,0,0.62389,4
"243",1995,0,0.68177,4
"244",1995,0,0.62389,4
"245",1995,0,0.62389,4
"246",1995,0,0.68177,4
"247",1995,0,0.45451,4
"248",1995,0,0.45451,4
"249",1995,0,0.45451,4
"250",1995,0,0.45451,4
"251",1995,0,0.45451,4
"252",1995,0,0.45451,4
"253",1995,0,0.45451,4
"254",1995,0,0.45451,4
"255",1995,0,0.45451,4
"256",1995,0,0.45451,4
"257",1995,0,0.45451,4
"258",1995,0,0.31816,4
"259",1995,0,0.36361,4
"260",1995,0,0.36361,4
"261",1995,0,0.45451,4
"262",1995,1,0.68177,4
"263",1995,0,0.62389,4
"264",1995,0,0.45451,4
"265",1995,0,0.45451,4
"266",1995,0,0.68177,4
"267",1995,0,0.45451,4
"268",1995,1,0.45451,4
"269",1995,4,0.45451,4
"270",1995,0,0.45451,4
"271",1995,3,0.68177,4
"272",1995,1,0.45451,4
"273",1995,0,0.45451,4
"274",1995,0,0.45451,4
"275",1995,0,0.45451,4
"276",1995,0,0.45451,4
"277",1995,0,0.45451,4
"278",1995,0,0.45451,4
"279",1995,0,0.45451,4
"280",1995,0,0.45451,4
"281",1995,0,0.68177,4
"282",1995,0,0.62389,4
"283",1995,0,0.62389,4
"284",1995,0,0.68177,4
"285",1995,0,0.45451,4
"286",1995,0,0.45451,4
"287",1995,1,0.45451,4
"288",1995,0,0.45451,4
"289",1995,1,0.45451,4
"290",1995,0,0.68177,4
"291",1995,0,0.45451,4
"292",1995,0,0.45451,4
"293",1995,0,0.45451,4
"294",1995,0,0.45451,4
"295",1995,0,0.45451,4
"296",1995,0,0.68177,4
"297",1995,0,0.45451,4
"298",1995,0,0.68177,4
"299",1995,0,0.3508614,4
"300",1995,0,0.3118768,4
"301",1995,0,0.34306448,4
"302",1995,0,0.3508614,4
"303",1995,0,0.3118768,4
"304",1995,0,0.3508614,4
"305",1995,0,0.34306448,4
"306",1995,0,0.30407988,4
"307",1995,0,0.32747064,4
"308",1995,0,0.34306448,4
"309",1995,0,0.25729836,4
"310",1995,0,0.37425216,4
"311",1995,0,0.35865832,4
"312",1995,0,0.35865832,4
"313",1995,0,0.3508614,4
"314",1995,0,0.32747064,4
"315",1995,0,0.3508614,4
"316",1995,0,0.32747064,4
"317",1995,0,0.35865832,4
"318",1995,0,0.35865832,4
"319",1995,0,0.32747064,4
"320",1995,0,0.36645524,4
"321",1995,0,0.36645524,4
"322",1995,0,0.41323676,4
"323",1995,0,0.35865832,4
"324",1995,0,0.34306448,4
"325",1995,0,0.452064,4
"326",1995,0,0.452064,4
"327",1995,0,0.452064,4
"328",1995,0,0.340544,4
"329",1995,0,0.368832,4
"330",1995,0,1.073856,4
"331",1995,0,0.370464,4
"332",1996,2,0.68177,5
"333",1996,0,0.62389,5
"334",1996,0,0.62389,5
"335",1996,0,0.68177,5
"336",1996,1,0.45451,5
"337",1996,0,0.45451,5
"338",1996,0,0.45451,5
"339",1996,0,0.45451,5
"340",1996,0,0.45451,5
"341",1996,0,0.45451,5
"342",1996,1,0.45451,5
"343",1996,2,0.45451,5
"344",1996,2,0.45451,5
"345",1996,0,0.45451,5
"346",1996,1,0.45451,5
"347",1996,0,0.45451,5
"348",1996,0,0.45451,5
"349",1996,0,0.31816,5
"350",1996,0,0.45451,5
"351",1996,5,0.68177,5
"352",1996,2,0.62389,5
"353",1996,1,0.45451,5
"354",1996,1,0.45451,5
"355",1996,0,0.62389,5
"356",1996,0,0.45451,5
"357",1996,4,0.45451,5
"358",1996,1,0.45451,5
"359",1996,0,0.45451,5
"360",1996,8,0.45451,5
"361",1996,0,0.45451,5
"362",1996,1,0.45451,5
"363",1996,0,0.45451,5
"364",1996,0,0.45451,5
"365",1996,0,0.45451,5
"366",1996,0,0.22726,5
"367",1996,1,0.45451,5
"368",1996,1,0.45451,5
"369",1996,2,0.45451,5
"370",1996,1,0.45451,5
"371",1996,0,0.45451,5
"372",1996,0,0.45451,5
"373",1996,0,0.68177,5
"374",1996,1,0.62389,5
"375",1996,0,0.62389,5
"376",1996,1,0.68177,5
"377",1996,0,0.45451,5
"378",1996,0,0.45451,5
"379",1996,0,0.45451,5
"380",1996,0,0.45451,5
"381",1996,0,0.45451,5
"382",1996,0,0.45451,5
"383",1996,0,0.45451,5
"384",1996,0,0.45451,5
"385",1996,0,0.45451,5
"386",1996,0,0.45451,5
"387",1996,0,0.45451,5
"388",1996,0,0.45451,5
"389",1996,1,0.45451,5
"390",1996,0,0.45451,5
"391",1996,0,0.31816,5
"392",1996,1,0.45451,5
"393",1996,2,0.45451,5
"394",1996,2,0.45451,5
"395",1996,6,0.45451,5
"396",1996,1,0.45451,5
"397",1996,0,0.36645524,5
"398",1996,0,0.34306448,5
"399",1996,0,0.36645524,5
"400",1996,0,0.3508614,5
"401",1996,0,0.36645524,5
"402",1996,0,0.36645524,5
"403",1996,0,0.4678152,5
"404",1996,0,0.38204908,5
"405",1996,0,0.37425216,5
"406",1996,0,0.3508614,5
"407",1996,0,0.36645524,5
"408",1996,0,0.36645524,5
"409",1996,0,0.3508614,5
"410",1996,0,0.35865832,5
"411",1996,3,0.36645524,5
"412",1996,0,0.36645524,5
"413",1996,0,0.34306448,5
"414",1996,0,0.35865832,5
"415",1996,0,0.4288306,5
"416",1996,1,0.37425216,5
"417",1996,0,0.40543984,5
"418",1996,0,0.51459672,5
"419",1996,0,0.3508614,5
"420",1996,0,0.3508614,5
"421",1996,0,0.35865832,5
"422",1996,0,0.41323676,5
"423",1996,0,0.35865832,5
"424",1996,0,0.36645524,5
"425",1996,0,0.38204908,5
"426",1996,0,0.34306448,5
"427",1996,0,0.34306448,5
"428",1996,0,0.32747064,5
"429",1996,0,0.34306448,5
"430",1996,0,0.33526756,5
"431",1996,0,0.452064,5
"432",1996,0,0.678096,5
"433",1996,0,0.678096,5
"434",1996,0,0.452064,5
"435",1996,0,0.678096,5
"436",1996,0,0.678096,5
"437",1996,0,0.678096,5
"438",1996,0,0.678096,5
"439",1996,0,0.452064,5
"440",1996,0,0.452064,5
"441",1996,0,0.452064,5
"442",1996,0,0.452064,5
"443",1996,0,0.678096,5
"444",1996,0,0.452064,5
"445",1996,0,0.452064,5
"446",1996,0,0.452064,5
"447",1997,0,0.45451,6
"448",1997,0,0.45451,6
"449",1997,0,0.45451,6
"450",1997,0,0.45451,6
"451",1997,0,0.45451,6
"452",1997,0,0.45451,6
"453",1997,0,0.45451,6
"454",1997,0,0.45451,6
"455",1997,0,0.45451,6
"456",1997,0,0.45451,6
"457",1997,0,0.45451,6
"458",1997,0,0.45451,6
"459",1997,0,0.45451,6
"460",1997,0,0.22726,6
"461",1997,0,0.22726,6
"462",1997,0,0.22726,6
"463",1997,0,0.22726,6
"464",1997,0,0.45451,6
"465",1997,0,0.45451,6
"466",1997,0,0.45451,6
"467",1997,0,0.45451,6
"468",1997,0,0.45451,6
"469",1997,0,0.45451,6
"470",1997,0,0.45451,6
"471",1997,0,0.45451,6
"472",1997,0,0.45451,6
"473",1997,0,0.45451,6
"474",1997,0,0.45451,6
"475",1997,0,0.45451,6
"476",1997,0,0.45451,6
"477",1997,0,0.45451,6
"478",1997,0,0.45451,6
"479",1997,0,0.45451,6
"480",1997,0,0.45451,6
"481",1997,0,0.45451,6
"482",1997,0,0.45451,6
"483",1997,0,0.45451,6
"484",1997,0,0.45451,6
"485",1997,0,0.22726,6
"486",1997,0,0.45451,6
"487",1997,0,0.22726,6
"488",1997,0,0.45451,6
"489",1997,0,0.45451,6
"490",1997,0,0.22726,6
"491",1997,0,0.22726,6
"492",1997,0,0.45451,6
"493",1997,0,0.45451,6
"494",1997,0,0.45451,6
"495",1997,0,0.22726,6
"496",1997,0,0.22726,6
"497",1997,0,0.22726,6
"498",1997,0,0.68177,6
"499",1997,0,0.62389,6
"500",1997,0,0.62389,6
"501",1997,0,0.68177,6
"502",1997,0,0.45451,6
"503",1997,0,0.45451,6
"504",1997,0,0.45451,6
"505",1997,0,0.45451,6
"506",1997,0,0.45451,6
"507",1997,0,0.45451,6
"508",1997,0,0.22726,6
"509",1997,0,0.22726,6
"510",1997,0,0.68177,6
"511",1997,0,0.62389,6
"512",1997,0,0.62389,6
"513",1997,0,0.68177,6
"514",1997,0,0.68177,6
"515",1997,0,0.62389,6
"516",1997,0,0.45451,6
"517",1997,0,0.45451,6
"518",1997,0,0.22726,6
"519",1997,0,0.22726,6
"520",1997,0,0.68177,6
"521",1997,0,0.62389,6
"522",1997,0,0.62389,6
"523",1997,0,0.389846,6
"524",1997,0,0.35865832,6
"525",1997,0,0.38204908,6
"526",1997,0,0.35865832,6
"527",1997,0,0.4288306,6
"528",1997,0,0.32747064,6
"529",1997,0,0.3508614,6
"530",1997,0,0.35865832,6
"531",1997,0,0.33526756,6
"532",1997,0,0.35865832,6
"533",1997,0,0.33526756,6
"534",1997,0,0.36645524,6
"535",1997,0,0.38204908,6
"536",1997,0,0.37425216,6
"537",1997,0,0.3508614,6
"538",1997,0,0.35865832,6
"539",1997,0,0.36645524,6
"540",1997,0,0.34306448,6
"541",1997,0,0.35865832,6
"542",1997,0,0.33526756,6
"543",1997,0,0.31967372,6
"544",1997,0,0.3508614,6
"545",1997,0,0.35865832,6
"546",1997,0,0.32747064,6
"547",1997,0,0.32747064,6
"548",1997,0,0.32747064,6
"549",1997,0,0.31967372,6
"550",1997,0,0.31967372,6
"551",1997,0,0.33526756,6
"552",1997,0,0.36645524,6
"553",1997,0,0.678096,6
"554",1997,0,0.678096,6
"555",1998,0,0.45451,7
"556",1998,0,0.45451,7
"557",1998,0,0.45451,7
"558",1998,0,0.22726,7
"559",1998,0,0.22726,7
"560",1998,0,0.22726,7
"561",1998,0,0.45451,7
"562",1998,0,0.45451,7
"563",1998,0,0.45451,7
"564",1998,0,0.45451,7
"565",1998,0,0.45451,7
"566",1998,0,0.45451,7
"567",1998,0,0.45451,7
"568",1998,0,0.45451,7
"569",1998,0,0.45451,7
"570",1998,0,0.22726,7
"571",1998,0,0.45451,7
"572",1998,0,0.45451,7
"573",1998,0,0.22726,7
"574",1998,0,0.22726,7
"575",1998,0,0.22726,7
"576",1998,0,0.45451,7
"577",1998,0,0.45451,7
"578",1998,0,0.45451,7
"579",1998,0,0.45451,7
"580",1998,0,0.45451,7
"581",1998,0,0.68177,7
"582",1998,0,0.62389,7
"583",1998,1,0.62389,7
"584",1998,0,0.68177,7
"585",1998,0,0.45451,7
"586",1998,0,0.45451,7
"587",1998,0,0.45451,7
"588",1998,0,0.45451,7
"589",1998,0,0.45451,7
"590",1998,0,0.22726,7
"591",1998,0,0.68177,7
"592",1998,0,0.62389,7
"593",1998,0,0.62389,7
"594",1998,0,0.68177,7
"595",1998,0,0.45451,7
"596",1998,0,0.45451,7
"597",1998,0,0.45451,7
"598",1998,0,0.45451,7
"599",1998,0,0.45451,7
"600",1998,0,0.68177,7
"601",1998,0,0.62389,7
"602",1998,0,0.45451,7
"603",1998,0,0.68177,7
"604",1998,0,0.68177,7
"605",1998,0,0.62389,7
"606",1998,0,0.22726,7
"607",1998,0,0.36361,7
"608",1998,0,0.22726,7
"609",1998,1,0.45451,7
"610",1998,0,0.45451,7
"611",1998,0,0.22726,7
"612",1998,0,0.1818,7
"613",1998,0,0.34306448,7
"614",1998,0,0.3508614,7
"615",1998,0,0.30407988,7
"616",1998,0,0.33526756,7
"617",1998,0,0.35865832,7
"618",1998,0,0.35865832,7
"619",1998,0,0.3118768,7
"620",1998,0,0.3508614,7
"621",1998,0,0.36645524,7
"622",1998,0,0.35865832,7
"623",1998,0,0.30407988,7
"624",1998,0,0.3508614,7
"625",1998,0,0.3118768,7
"626",1998,0,0.35865832,7
"627",1998,0,0.3508614,7
"628",1998,0,0.36645524,7
"629",1998,0,0.33526756,7
"630",1998,0,0.34306448,7
"631",1998,0,0.32747064,7
"632",1998,0,0.37425216,7
"633",1998,0,0.3508614,7
"634",1998,0,0.37425216,7
"635",1998,0,0.35865832,7
"636",1998,0,0.31967372,7
"637",1998,0,0.31967372,7
"638",1998,0,0.32747064,7
"639",1998,0,0.33526756,7
"640",1998,0,0.34306448,7
"641",1998,0,0.31967372,7
"642",1998,0,0.3508614,7
"643",1998,0,0.35865832,7
"644",1998,0,0.651168,7
"645",1998,0,0.651168,7
"646",1998,0,0.651168,7
"647",1998,0,0.651168,7
"648",1998,0,0.651168,7
"649",1998,0,0.651168,7
"650",1998,0,0.651168,7
"651",1998,0,0.651168,7
"652",1998,0,0.292672,7
"653",1998,0,0.371552,7
"654",1998,0,0.434112,7
"655",1998,0,0.547264,7
"656",1998,0,0.454784,7
"657",1998,0,0.326944,7
"658",1998,0,0.373728,7
"659",1998,0,0.392224,7
"660",1998,0,0.379712,7
"661",1998,0,0.54672,7
"662",1998,0,0.365024,7
"663",1998,0,0.589696,7
"664",1998,0,0.651168,7
"665",1998,0,0.648448,7
"666",1999,0,0.22726,8
"667",1999,0,0.22726,8
"668",1999,0,0.45451,8
"669",1999,0,0.45451,8
"670",1999,0,0.68177,8
"671",1999,0,0.68177,8
"672",1999,0,0.68177,8
"673",1999,1,0.68177,8
"674",1999,0,0.45451,8
"675",1999,0,0.45451,8
"676",1999,0,0.45451,8
"677",1999,0,0.45451,8
"678",1999,0,0.22726,8
"679",1999,0,0.45451,8
"680",1999,0,0.22726,8
"681",1999,0,0.45451,8
"682",1999,0,0.45451,8
"683",1999,0,0.45451,8
"684",1999,0,0.45451,8
"685",1999,0,0.68177,8
"686",1999,0,0.45451,8
"687",1999,0,0.68177,8
"688",1999,0,0.45451,8
"689",1999,0,0.22726,8
"690",1999,0,0.22726,8
"691",1999,0,0.22726,8
"692",1999,0,0.22726,8
"693",1999,0,0.45451,8
"694",1999,0,0.45451,8
"695",1999,0,0.45451,8
"696",1999,0,0.22726,8
"697",1999,0,0.22726,8
"698",1999,0,0.45451,8
"699",1999,0,0.45451,8
"700",1999,0,0.45451,8
"701",1999,0,0.22726,8
"702",1999,0,0.68177,8
"703",1999,0,0.45451,8
"704",1999,0,0.45451,8
"705",1999,0,0.45451,8
"706",1999,0,0.45451,8
"707",1999,0,0.45451,8
"708",1999,0,0.68177,8
"709",1999,0,0.45451,8
"710",1999,0,0.45451,8
"711",1999,1,0.45451,8
"712",1999,0,0.22726,8
"713",1999,0,0.45451,8
"714",1999,0,0.22726,8
"715",1999,0,0.22726,8
"716",1999,0,0.45451,8
"717",1999,0,0.45451,8
"718",1999,0,0.22726,8
"719",1999,0,0.45451,8
"720",1999,1,0.45451,8
"721",1999,0,0.45451,8
"722",1999,0,0.45451,8
"723",1999,0,0.45451,8
"724",1999,0,0.45451,8
"725",1999,1,0.68177,8
"726",1999,0,0.45451,8
"727",1999,0,0.45451,8
"728",1999,0,0.45451,8
"729",1999,0,0.45451,8
"730",1999,0,0.68177,8
"731",1999,0,0.22726,8
"732",1999,0,0.22726,8
"733",1999,0,0.45451,8
"734",1999,0,0.45451,8
"735",1999,0,0.45451,8
"736",1999,0,0.45451,8
"737",1999,0,0.22726,8
"738",1999,0,0.45451,8
"739",1999,0,0.45451,8
"740",1999,0,0.22726,8
"741",1999,0,0.32747064,8
"742",1999,0,0.34306448,8
"743",1999,0,0.29628296,8
"744",1999,0,0.35865832,8
"745",1999,0,0.34306448,8
"746",1999,0,0.34306448,8
"747",1999,0,0.34306448,8
"748",1999,0,0.31967372,8
"749",1999,0,0.35865832,8
"750",1999,0,0.31967372,8
"751",1999,0,0.31967372,8
"752",1999,0,0.33526756,8
"753",1999,0,0.34306448,8
"754",1999,0,0.34306448,8
"755",1999,0,0.28068912,8
"756",1999,0,0.34306448,8
"757",1999,0,0.34306448,8
"758",1999,0,0.3118768,8
"759",1999,0,0.3508614,8
"760",1999,0,0.3508614,8
"761",1999,0,0.30407988,8
"762",1999,0,0.34306448,8
"763",1999,0,0.32747064,8
"764",1999,0,0.4678152,8
"765",1999,0,0.36645524,8
"766",1999,0,0.31967372,8
"767",1999,0,0.30407988,8
"768",1999,0,0.35865832,8
"769",1999,0,0.33526756,8
"770",1999,0,0.3118768,8
"771",1999,0,0.3118768,8
"772",1999,0,0.36645524,8
"773",1999,0,0.635392,8
"774",1999,0,0.558144,8
"775",1999,0,0.5444896,8
"776",1999,0,0.598944,8
"777",1999,0,0.590784,8
"778",1999,0,1.276768,8
"779",1999,0,0.6256,8
"780",1999,0,0.690336,8
"781",1999,0,0.78608,8
"782",1999,0,0.594048,8
"783",1999,0,0.629408,8
"784",1999,0,0.607104,8
"785",1999,0,0.689792,8
"786",1999,0,0.546176,8
"787",1999,0,0.591872,8
"788",2000,0,0.45451,9
"789",2000,0,0.45451,9
"790",2000,0,0.45451,9
"791",2000,0,0.45451,9
"792",2000,0,0.45451,9
"793",2000,0,0.45451,9
"794",2000,0,0.22726,9
"795",2000,0,0.22726,9
"796",2000,0,0.45451,9
"797",2000,0,0.45451,9
"798",2000,0,0.22726,9
"799",2000,0,0.45451,9
"800",2000,0,0.45451,9
"801",2000,0,0.45451,9
"802",2000,0,0.45451,9
"803",2000,0,0.22726,9
"804",2000,0,0.22726,9
"805",2000,0,0.45451,9
"806",2000,0,0.45451,9
"807",2000,0,0.45451,9
"808",2000,0,0.45451,9
"809",2000,0,0.45451,9
"810",2000,0,0.1818,9
"811",2000,0,0.45451,9
"812",2000,0,0.22726,9
"813",2000,0,0.45451,9
"814",2000,0,0.45451,9
"815",2000,0,0.45451,9
"816",2000,0,0.45451,9
"817",2000,0,0.45451,9
"818",2000,0,0.45451,9
"819",2000,0,0.45451,9
"820",2000,0,0.45451,9
"821",2000,0,0.22726,9
"822",2000,0,0.22726,9
"823",2000,0,0.45451,9
"824",2000,0,0.45451,9
"825",2000,0,0.45451,9
"826",2000,0,0.45451,9
"827",2000,0,0.45451,9
"828",2000,0,0.45451,9
"829",2000,0,0.22726,9
"830",2000,0,0.22726,9
"831",2000,0,0.13635,9
"832",2000,0,0.45451,9
"833",2000,0,0.45451,9
"834",2000,0,0.45451,9
"835",2000,0,0.45451,9
"836",2000,0,0.45451,9
"837",2000,0,0.45451,9
"838",2000,0,0.45451,9
"839",2000,0,0.45451,9
"840",2000,0,0.45451,9
"841",2000,0,0.45451,9
"842",2000,0,0.45451,9
"843",2000,0,0.45451,9
"844",2000,0,0.45451,9
"845",2000,0,0.45451,9
"846",2000,0,0.45451,9
"847",2000,0,0.45451,9
"848",2000,0,0.22726,9
"849",2000,0,0.22726,9
"850",2000,0,0.22726,9
"851",2000,0,0.22726,9
"852",2000,0,0.45451,9
"853",2000,0,0.45451,9
"854",2000,0,0.1818,9
"855",2000,0,0.22726,9
"856",2000,0,0.45451,9
"857",2000,0,0.45451,9
"858",2000,0,0.45451,9
"859",2000,0,0.45451,9
"860",2000,0,0.22726,9
"861",2000,0,0.33526756,9
"862",2000,0,0.31967372,9
"863",2000,0,0.34306448,9
"864",2000,0,0.33526756,9
"865",2000,0,0.32747064,9
"866",2000,0,0.3118768,9
"867",2000,0,0.31967372,9
"868",2000,0,0.31967372,9
"869",2000,0,0.33526756,9
"870",2000,0,0.3118768,9
"871",2000,0,0.34306448,9
"872",2000,0,0.32747064,9
"873",2000,0,0.33526756,9
"874",2000,0,0.34306448,9
"875",2000,0,0.31967372,9
"876",2000,0,0.32747064,9
"877",2000,0,0.33526756,9
"878",2000,0,0.32747064,9
"879",2000,0,0.31967372,9
"880",2000,0,0.35865832,9
"881",2000,0,0.34306448,9
"882",2000,0,0.32747064,9
"883",2000,0,0.37425216,9
"884",2000,0,0.36645524,9
"885",2000,0,0.3508614,9
"886",2000,0,0.34306448,9
"887",2000,0,0.34306448,9
"888",2000,0,0.3508614,9
"889",2000,0,0.33526756,9
"890",2000,0,0.32747064,9
"891",2000,0,0.33526756,9
"892",2000,0,0.34306448,9
"893",2000,0,0.31967372,9
"894",2000,0,0.3508614,9
"895",2000,0,0.34306448,9
"896",2000,0,0.33526756,9
"897",2000,0,0.33526756,9
"898",2000,0,0.3508614,9
"899",2000,0,0.33526756,9
"900",2000,0,0.453696,9
"901",2000,0,0.803488,9
"902",2000,0,0.370464,9
"903",2000,0,0.414528,9
"904",2000,0,0.41072,9
"905",2000,0,0.41072,9
"906",2000,0,0.423776,9
"907",2000,0,0.412352,9
"908",2000,0,0.415072,9
"909",2000,0,0.415072,9
"910",2000,0,0.40256,9
"911",2000,0,0.4624,9
"912",2000,0,0.395488,9
"913",2000,0,0.44608,9
"914",2000,0,0.368288,9
"915",2001,0,0.22726,10
"916",2001,0,0.22726,10
"917",2001,1,0.45451,10
"918",2001,0,0.45451,10
"919",2001,0,0.45451,10
"920",2001,0,0.45451,10
"921",2001,0,0.45451,10
"922",2001,0,0.45451,10
"923",2001,0,0.22726,10
"924",2001,0,0.22726,10
"925",2001,0,0.45451,10
"926",2001,0,0.45451,10
"927",2001,0,0.45451,10
"928",2001,0,0.45451,10
"929",2001,0,0.22726,10
"930",2001,0,0.22726,10
"931",2001,0,0.31816,10
"932",2001,0,0.22726,10
"933",2001,0,0.22726,10
"934",2001,0,0.45451,10
"935",2001,0,0.45451,10
"936",2001,0,0.45451,10
"937",2001,0,0.45451,10
"938",2001,0,0.45451,10
"939",2001,0,0.45451,10
"940",2001,0,0.45451,10
"941",2001,0,0.22726,10
"942",2001,0,0.45451,10
"943",2001,0,0.45451,10
"944",2001,0,0.45451,10
"945",2001,0,0.45451,10
"946",2001,0,0.45451,10
"947",2001,0,0.45451,10
"948",2001,0,0.22726,10
"949",2001,0,0.22726,10
"950",2001,0,0.45451,10
"951",2001,0,0.22726,10
"952",2001,0,0.45451,10
"953",2001,0,0.45451,10
"954",2001,0,0.45451,10
"955",2001,0,0.22726,10
"956",2001,0,0.22726,10
"957",2001,0,0.45451,10
"958",2001,0,0.45451,10
"959",2001,1,0.45451,10
"960",2001,0,0.45451,10
"961",2001,1,0.45451,10
"962",2001,0,0.35865832,10
"963",2001,0,0.34306448,10
"964",2001,0,0.36645524,10
"965",2001,0,0.33526756,10
"966",2001,0,0.33526756,10
"967",2001,0,0.36645524,10
"968",2001,0,0.35865832,10
"969",2001,0,0.36645524,10
"970",2001,0,0.36645524,10
"971",2001,0,0.3508614,10
"972",2001,2,0.3508614,10
"973",2001,0,0.32747064,10
"974",2001,1,0.33526756,10
"975",2001,0,0.33526756,10
"976",2001,0,0.3508614,10
"977",2001,0,0.35865832,10
"978",2001,0,0.33526756,10
"979",2001,0,0.38204908,10
"980",2001,0,0.35865832,10
"981",2001,0,0.34306448,10
"982",2001,0,0.37425216,10
"983",2001,0,0.33526756,10
"984",2001,0,0.22611068,10
"985",2001,0,0.35865832,10
"986",2001,0,0.36645524,10
"987",2001,0,0.35865832,10
"988",2001,0,0.35865832,10
"989",2001,0,0.34306448,10
"990",2001,0,0.36645524,10
"991",2001,0,0.35865832,10
"992",2001,0,0.35865832,10
"993",2001,0,0.32747064,10
"994",2001,0,0.35865832,10
"995",2001,0,0.415616,10
"996",2001,0,0.413984,10
"997",2001,0,0.41344,10
"998",2001,0,0.47328,10
"999",2001,0,0.431936,10
"1000",2001,0,0.416704,10
"1001",2001,0,0.450432,10
"1002",2001,16,0.43248,10
"1003",2002,0,0.45451,11
"1004",2002,0,0.45451,11
"1005",2002,0,0.45451,11
"1006",2002,0,0.45451,11
"1007",2002,0,0.45451,11
"1008",2002,0,0.45451,11
"1009",2002,0,0.45451,11
"1010",2002,0,0.45451,11
"1011",2002,0,0.45451,11
"1012",2002,0,0.45451,11
"1013",2002,0,0.22726,11
"1014",2002,0,0.22726,11
"1015",2002,0,0.45451,11
"1016",2002,0,0.45451,11
"1017",2002,0,0.22726,11
"1018",2002,0,0.22726,11
"1019",2002,0,0.22726,11
"1020",2002,0,0.45451,11
"1021",2002,0,0.45451,11
"1022",2002,0,0.45451,11
"1023",2002,0,0.45451,11
"1024",2002,0,0.45451,11
"1025",2002,0,0.45451,11
"1026",2002,0,0.45451,11
"1027",2002,0,0.45451,11
"1028",2002,0,0.45451,11
"1029",2002,0,0.45451,11
"1030",2002,0,0.45451,11
"1031",2002,0,0.45451,11
"1032",2002,0,0.45451,11
"1033",2002,0,0.45451,11
"1034",2002,0,0.45451,11
"1035",2002,0,0.45451,11
"1036",2002,0,0.45451,11
"1037",2002,0,0.45451,11
"1038",2002,0,0.45451,11
"1039",2002,0,0.45451,11
"1040",2002,0,0.45451,11
"1041",2002,0,0.45451,11
"1042",2002,0,0.45451,11
"1043",2002,0,0.45451,11
"1044",2002,0,0.45451,11
"1045",2002,0,0.1818,11
"1046",2002,0,0.22726,11
"1047",2002,0,0.22726,11
"1048",2002,0,0.45451,11
"1049",2002,0,0.45451,11
"1050",2002,0,0.45451,11
"1051",2002,0,0.45451,11
"1052",2002,0,0.45451,11
"1053",2002,0,0.45451,11
"1054",2002,0,0.22726,11
"1055",2002,0,0.22726,11
"1056",2002,0,0.22726,11
"1057",2002,0,0.13635,11
"1058",2002,0,0.45451,11
"1059",2002,0,0.45451,11
"1060",2002,0,0.45451,11
"1061",2002,0,0.45451,11
"1062",2002,0,0.45451,11
"1063",2002,0,0.45451,11
"1064",2002,0,0.45451,11
"1065",2002,0,0.45451,11
"1066",2002,0,0.45451,11
"1067",2002,0,0.45451,11
"1068",2002,0,0.22726,11
"1069",2002,0,0.22726,11
"1070",2002,0,0.45451,11
"1071",2002,0,0.45451,11
"1072",2002,0,0.22726,11
"1073",2002,0,0.22726,11
"1074",2002,0,0.22726,11
"1075",2002,0,0.22726,11
"1076",2002,0,0.22726,11
"1077",2002,0,0.22726,11
"1078",2002,0,0.33526756,11
"1079",2002,0,0.34306448,11
"1080",2002,0,0.32747064,11
"1081",2002,0,0.34306448,11
"1082",2002,0,0.34306448,11
"1083",2002,0,0.33526756,11
"1084",2002,0,0.33526756,11
"1085",2002,0,0.34306448,11
"1086",2002,0,0.33526756,11
"1087",2002,0,0.33526756,11
"1088",2002,0,0.32747064,11
"1089",2002,0,0.34306448,11
"1090",2002,0,0.32747064,11
"1091",2002,0,0.34306448,11
"1092",2002,0,0.3508614,11
"1093",2002,0,0.17932916,11
"1094",2002,0,0.31967372,11
"1095",2002,0,0.33526756,11
"1096",2002,0,0.31967372,11
"1097",2002,0,0.32747064,11
"1098",2002,0,0.34306448,11
"1099",2002,0,0.32747064,11
"1100",2002,0,0.34306448,11
"1101",2002,0,0.32747064,11
"1102",2002,0,0.33526756,11
"1103",2002,0,0.33526756,11
"1104",2002,0,0.32747064,11
"1105",2002,0,0.3508614,11
"1106",2002,0,0.28068912,11
"1107",2002,0,0.3508614,11
"1108",2002,0,0.36992,11
"1109",2002,0,0.3707904,11
"1110",2002,0,0.374816,11
"1111",2002,0,0.3748704,11
"1112",2002,0,0.3904832,11
"1113",2002,0,0.3758496,11
"1114",2002,0,0.4097408,11
"1115",2002,0,0.53584,11
"1116",2002,0,0.3920608,11
"1117",2003,5,0.45451,12
"1118",2003,1,0.45451,12
"1119",2003,4,0.45451,12
"1120",2003,2,0.45451,12
"1121",2003,0,0.45451,12
"1122",2003,0,0.45451,12
"1123",2003,0,0.45451,12
"1124",2003,0,0.45451,12
"1125",2003,0,0.45451,12
"1126",2003,0,0.45451,12
"1127",2003,0,0.22726,12
"1128",2003,0,0.22726,12
"1129",2003,1,0.45451,12
"1130",2003,0,0.45451,12
"1131",2003,0,0.22726,12
"1132",2003,0,0.22726,12
"1133",2003,0,0.22726,12
"1134",2003,0,0.45451,12
"1135",2003,0,0.45451,12
"1136",2003,3,0.45451,12
"1137",2003,1,0.45451,12
"1138",2003,0,0.45451,12
"1139",2003,1,0.45451,12
"1140",2003,0,0.45451,12
"1141",2003,0,0.45451,12
"1142",2003,1,0.45451,12
"1143",2003,0,0.45451,12
"1144",2003,0,0.45451,12
"1145",2003,0,0.45451,12
"1146",2003,0,0.22726,12
"1147",2003,0,0.22726,12
"1148",2003,0,0.22726,12
"1149",2003,0,0.45451,12
"1150",2003,4,0.45451,12
"1151",2003,3,0.45451,12
"1152",2003,3,0.45451,12
"1153",2003,1,0.45451,12
"1154",2003,12,0.45451,12
"1155",2003,0,0.45451,12
"1156",2003,5,0.45451,12
"1157",2003,0,0.45451,12
"1158",2003,0,0.22726,12
"1159",2003,0,0.45451,12
"1160",2003,0,0.22726,12
"1161",2003,0,0.22726,12
"1162",2003,0,0.45451,12
"1163",2003,0,0.22726,12
"1164",2003,0,0.45451,12
"1165",2003,2,0.45451,12
"1166",2003,0,0.22726,12
"1167",2003,0,0.45451,12
"1168",2003,0,0.22726,12
"1169",2003,0,0.45451,12
"1170",2003,0,0.45451,12
"1171",2003,0,0.45451,12
"1172",2003,1,0.45451,12
"1173",2003,1,0.45451,12
"1174",2003,0,0.22726,12
"1175",2003,0,0.22726,12
"1176",2003,0,0.45451,12
"1177",2003,0,0.45451,12
"1178",2003,0,0.22726,12
"1179",2003,0,0.22726,12
"1180",2003,0,0.45451,12
"1181",2003,0,0.45451,12
"1182",2003,0,0.45451,12
"1183",2003,0,0.45451,12
"1184",2003,0,0.45451,12
"1185",2003,0,0.45451,12
"1186",2003,0,0.22726,12
"1187",2003,0,0.22726,12
"1188",2003,14,0.315465603,12
"1189",2003,6,0.3141651258,12
"1190",2003,0,0.3228645113,12
"1191",2003,0,0.3281957138,12
"1192",2003,0,0.2968995763,12
"1193",2003,0,0.3310478747,12
"1194",2003,0,0.3125375165,12
"1195",2003,0,0.3334958136,12
"1196",2003,1,0.3260231839,12
"1197",2003,0,0.3252458746,12
"1198",2003,0,0.3475275368,12
"1199",2003,1,0.3247291572,12
"1200",2003,0,0.3222215086,12
"1201",2003,1,0.302772526,12
"1202",2003,0,0.3360817043,12
"1203",2003,1,0.37164401,12
"1204",2003,4,0.333233172,12
"1205",2003,0,0.3401492568,12
"1206",2003,20,0.3275863073,12
"1207",2003,2,0.3178555055,12
"1208",2003,0,0.3437686643,12
"1209",2003,6,0.3321295243,12
"1210",2003,3,0.3099058345,12
"1211",2003,0,0.3285894247,12
"1212",2003,4,0.3324767266,12
"1213",2003,2,0.3304133801,12
"1214",2003,1,0.3104823021,12
"1215",2003,0,0.3431397881,12
"1216",2003,3,0.3304138487,12
"1217",2003,0,0.3599739707,12
"1218",2003,1,0.4708686049,12
"1219",2003,0,0.3287477693,12
"1220",2003,0,0.3335026281,12
"1221",2003,0,0.3215403837,12
"1222",2003,5,0.468384,12
"1223",2003,1,0.472192,12
"1224",2003,0,0.450976,12
"1225",2003,0,0.463488,12
"1226",2003,0,0.376448,12
"1227",2003,2,0.41616,12
"1228",2003,0,0.422688,12
"1229",2003,1,0.450432,12
"1230",2004,0,0.22726,13
"1231",2004,0,0.45451,13
"1232",2004,1,0.45451,13
"1233",2004,1,0.45451,13
"1234",2004,0,0.45451,13
"1235",2004,0,0.45451,13
"1236",2004,0,0.45451,13
"1237",2004,0,0.45451,13
"1238",2004,0,0.45451,13
"1239",2004,0,0.45451,13
"1240",2004,0,0.22726,13
"1241",2004,0,0.45451,13
"1242",2004,0,0.45451,13
"1243",2004,0,0.45451,13
"1244",2004,2,0.45451,13
"1245",2004,0,0.45451,13
"1246",2004,0,0.45451,13
"1247",2004,0,0.45451,13
"1248",2004,0,0.45451,13
"1249",2004,0,0.22726,13
"1250",2004,0,0.45451,13
"1251",2004,0,0.22726,13
"1252",2004,0,0.22726,13
"1253",2004,0,0.45451,13
"1254",2004,0,0.45451,13
"1255",2004,0,0.45451,13
"1256",2004,0,0.45451,13
"1257",2004,0,0.45451,13
"1258",2004,0,0.45451,13
"1259",2004,0,0.45451,13
"1260",2004,0,0.45451,13
"1261",2004,0,0.45451,13
"1262",2004,0,0.22726,13
"1263",2004,0,0.22726,13
"1264",2004,0,0.22726,13
"1265",2004,0,0.45451,13
"1266",2004,0,0.45451,13
"1267",2004,0,0.45451,13
"1268",2004,0,0.45451,13
"1269",2004,0,0.45451,13
"1270",2004,0,0.45451,13
"1271",2004,0,0.22726,13
"1272",2004,0,0.22726,13
"1273",2004,0,0.45451,13
"1274",2004,0,0.45451,13
"1275",2004,0,0.45451,13
"1276",2004,0,0.45451,13
"1277",2004,0,0.45451,13
"1278",2004,0,0.45451,13
"1279",2004,0,0.22726,13
"1280",2004,0,0.13635,13
"1281",2004,0,0.13635,13
"1282",2004,0,0.1818,13
"1283",2004,0,0.45451,13
"1284",2004,0,0.3372418727,13
"1285",2004,0,0.3303107048,13
"1286",2004,0,0.3282792671,13
"1287",2004,0,0.3355456995,13
"1288",2004,0,0.353340359,13
"1289",2004,0,0.346866082,13
"1290",2004,0,0.339264421,13
"1291",2004,0,0.3321731122,13
"1292",2004,0,0.3271078236,13
"1293",2004,0,0.3394463271,13
"1294",2004,0,0.3412801767,13
"1295",2004,0,0.3381585644,13
"1296",2004,0,0.317357889,13
"1297",2004,0,0.3344919551,13
"1298",2004,0,0.3287503797,13
"1299",2004,0,0.3732945095,13
"1300",2004,0,0.3388378001,13
"1301",2004,0,0.3273579308,13
"1302",2004,0,0.3355434743,13
"1303",2004,0,0.3327906001,13
"1304",2004,0,0.3343879294,13
"1305",2004,0,0.3387924415,13
"1306",2004,0,0.3400292116,13
"1307",2004,0,0.3101289793,13
"1308",2004,0,0.3439692876,13
"1309",2004,0,0.3266487222,13
"1310",2004,0,0.3449445256,13
"1311",2004,0,0.3394264371,13
"1312",2004,0,0.355189015,13
"1313",2004,0,0.3186442841,13
"1314",2004,0,0.343390392,13
"1315",2004,0,0.349457308,13
"1316",2004,0,0.3188400523,13
"1317",2004,0,0.3370563536,13
"1318",2004,15,0.332928,13
"1319",2004,0,0.442816,13
"1320",2004,0,0.8704,13
"1321",2004,0,0.373728,13
"1322",2004,0,0.442272,13
"1323",2004,0,0.421056,13
"1324",2004,0,0.408,13
"1325",2004,0,0.415072,13
"1326",2005,0,0.22726,14
"1327",2005,0,0.45451,14
"1328",2005,1,0.45451,14
"1329",2005,0,0.45451,14
"1330",2005,0,0.45451,14
"1331",2005,0,0.45451,14
"1332",2005,0,0.45451,14
"1333",2005,1,0.45451,14
"1334",2005,0,0.45451,14
"1335",2005,1,0.45451,14
"1336",2005,0,0.22726,14
"1337",2005,0,0.22726,14
"1338",2005,0,0.45451,14
"1339",2005,1,0.45451,14
"1340",2005,0,0.45451,14
"1341",2005,1,0.45451,14
"1342",2005,0,0.45451,14
"1343",2005,1,0.45451,14
"1344",2005,0,0.45451,14
"1345",2005,0,0.45451,14
"1346",2005,0,0.45451,14
"1347",2005,7,0.45451,14
"1348",2005,1,0.45451,14
"1349",2005,0,0.22726,14
"1350",2005,0,0.45451,14
"1351",2005,0,0.22726,14
"1352",2005,0,0.22726,14
"1353",2005,0,0.45451,14
"1354",2005,0,0.45451,14
"1355",2005,0,0.45451,14
"1356",2005,0,0.45451,14
"1357",2005,0,0.45451,14
"1358",2005,0,0.22726,14
"1359",2005,1,0.45451,14
"1360",2005,0,0.13635,14
"1361",2005,1,0.45451,14
"1362",2005,0,0.22726,14
"1363",2005,0,0.13635,14
"1364",2005,0,0.45451,14
"1365",2005,0,0.45451,14
"1366",2005,0,0.45451,14
"1367",2005,0,0.45451,14
"1368",2005,0,0.45451,14
"1369",2005,0,0.45451,14
"1370",2005,0,0.45451,14
"1371",2005,0,0.31816,14
"1372",2005,0,0.22726,14
"1373",2005,0,0.22726,14
"1374",2005,0,0.45451,14
"1375",2005,0,0.45451,14
"1376",2005,0,0.45451,14
"1377",2005,0,0.45451,14
"1378",2005,0,0.22726,14
"1379",2005,0,0.45451,14
"1380",2005,0,0.22726,14
"1381",2005,0,0.22726,14
"1382",2005,0,0.22726,14
"1383",2005,0,0.45451,14
"1384",2005,0,0.3040367264,14
"1385",2005,0,0.3241308044,14
"1386",2005,0,0.3312105301,14
"1387",2005,0,0.3176483796,14
"1388",2005,0,0.3444630705,14
"1389",2005,0,0.3309660608,14
"1390",2005,0,0.3221358836,14
"1391",2005,0,0.3297149787,14
"1392",2005,0,0.3065942705,14
"1393",2005,0,0.3262187447,14
"1394",2005,0,0.3075778052,14
"1395",2005,0,0.3293149897,14
"1396",2005,0,0.315288464,14
"1397",2005,0,0.3009442457,14
"1398",2005,0,0.3233286307,14
"1399",2005,0,0.3371939645,14
"1400",2005,0,0.3268412843,14
"1401",2005,0,0.3202727129,14
"1402",2005,0,0.3292705535,14
"1403",2005,0,0.3296552754,14
"1404",2005,0,0.3203564682,14
"1405",2005,0,0.3143214323,14
"1406",2005,0,0.3289378215,14
"1407",2005,0,0.3499407872,14
"1408",2005,0,0.3215343497,14
"1409",2005,0,0.3346630921,14
"1410",2005,0,0.3366149114,14
"1411",2005,0,0.3441631549,14
"1412",2005,0,0.3372093354,14
"1413",2005,0,0.3035350343,14
"1414",2005,0,0.3557799193,14
"1415",2005,0,0.3577809568,14
"1416",2005,0,0.3094538549,14
"1417",2005,0,0.3323089142,14
"1418",2005,0,0.333435414,14
"1419",2005,0,0.377536,14
"1420",2005,0,0.447168,14
"1421",2005,0,0.393312,14
"1422",2005,0,0.625056,14
"1423",2005,0,0.405824,14
"1424",2005,0,0.392768,14
"1425",2005,0,0.793152,14
"1426",2005,0,0.392768,14
"1427",2005,0,0.379168,14
"1428",2006,0,0.22726,15
"1429",2006,0,0.45451,15
"1430",2006,0,0.45451,15
"1431",2006,0,0.45451,15
"1432",2006,0,0.45451,15
"1433",2006,0,0.45451,15
"1434",2006,0,0.45451,15
"1435",2006,0,0.45451,15
"1436",2006,0,0.45451,15
"1437",2006,0,0.45451,15
"1438",2006,0,0.22726,15
"1439",2006,0,0.22726,15
"1440",2006,0,0.22726,15
"1441",2006,0,0.45451,15
"1442",2006,0,0.13635,15
"1443",2006,0,0.22726,15
"1444",2006,0,0.45451,15
"1445",2006,0,0.45451,15
"1446",2006,0,0.45451,15
"1447",2006,0,0.45451,15
"1448",2006,0,0.45451,15
"1449",2006,0,0.45451,15
"1450",2006,0,0.45451,15
"1451",2006,0,0.45451,15
"1452",2006,0,0.22726,15
"1453",2006,0,0.45451,15
"1454",2006,0,0.45451,15
"1455",2006,0,0.45451,15
"1456",2006,0,0.45451,15
"1457",2006,0,0.45451,15
"1458",2006,0,0.45451,15
"1459",2006,0,0.45451,15
"1460",2006,0,0.45451,15
"1461",2006,0,0.45451,15
"1462",2006,0,0.22726,15
"1463",2006,0,0.22726,15
"1464",2006,0,0.45451,15
"1465",2006,0,0.22726,15
"1466",2006,0,0.45451,15
"1467",2006,0,0.22726,15
"1468",2006,0,0.45451,15
"1469",2006,0,0.22726,15
"1470",2006,0,0.45451,15
"1471",2006,0,0.45451,15
"1472",2006,0,0.45451,15
"1473",2006,0,0.45451,15
"1474",2006,0,0.45451,15
"1475",2006,0,0.45451,15
"1476",2006,0,0.45451,15
"1477",2006,0,0.45451,15
"1478",2006,0,0.45451,15
"1479",2006,0,0.1818,15
"1480",2006,0,0.45451,15
"1481",2006,0,0.45451,15
"1482",2006,0,0.22726,15
"1483",2006,0,0.22726,15
"1484",2006,0,0.22726,15
"1485",2006,0,0.3326269054,15
"1486",2006,0,0.3112903102,15
"1487",2006,0,0.3225153901,15
"1488",2006,0,0.3185491125,15
"1489",2006,0,0.3060772934,15
"1490",2006,0,0.3322632726,15
"1491",2006,0,0.328964593,15
"1492",2006,0,0.3355504931,15
"1493",2006,0,0.3132627665,15
"1494",2006,0,0.3200494294,15
"1495",2006,0,0.3037559125,15
"1496",2006,0,0.3322632726,15
"1497",2006,0,0.3126336938,15
"1498",2006,0,0.3760731385,15
"1499",2006,0,0.3617991728,15
"1500",2006,0,0.3158619368,15
"1501",2006,0,0.3455979161,15
"1502",2006,0,0.3700665917,15
"1503",2006,0,0.3302764365,15
"1504",2006,1,0.364642099,15
"1505",2006,0,0.3446387397,15
"1506",2006,0,0.3326488599,15
"1507",2006,0,0.3449347794,15
"1508",2006,0,0.3262725458,15
"1509",2006,0,0.3330213671,15
"1510",2006,0,0.3318026579,15
"1511",2006,0,0.348316412,15
"1512",2006,0,0.3448856565,15
"1513",2006,0,0.3167393835,15
"1514",2006,0,0.3224532019,15
"1515",2006,0,0.3247421827,15
"1516",2006,0,0.318064024,15
"1517",2006,0,0.3377769472,15
"1518",2006,0,0.3329429348,15
"1519",2006,0,0.335855118,15
"1520",2007,0,0.45451,16
"1521",2007,0,0.45451,16
"1522",2007,0,0.45451,16
"1523",2007,0,0.45451,16
"1524",2007,0,0.45451,16
"1525",2007,0,0.45451,16
"1526",2007,0,0.45451,16
"1527",2007,0,0.45451,16
"1528",2007,0,0.22726,16
"1529",2007,0,0.22726,16
"1530",2007,0,0.45451,16
"1531",2007,0,0.22726,16
"1532",2007,1,0.45451,16
"1533",2007,0,0.45451,16
"1534",2007,0,0.45451,16
"1535",2007,0,0.45451,16
"1536",2007,0,0.45451,16
"1537",2007,0,0.45451,16
"1538",2007,0,0.45451,16
"1539",2007,0,0.22726,16
"1540",2007,0,0.45451,16
"1541",2007,0,0.22726,16
"1542",2007,0,0.45451,16
"1543",2007,0,0.1818,16
"1544",2007,0,0.22726,16
"1545",2007,0,0.45451,16
"1546",2007,0,0.45451,16
"1547",2007,0,0.45451,16
"1548",2007,0,0.45451,16
"1549",2007,0,0.45451,16
"1550",2007,0,0.45451,16
"1551",2007,0,0.22726,16
"1552",2007,0,0.45451,16
"1553",2007,0,0.45451,16
"1554",2007,0,0.45451,16
"1555",2007,0,0.22726,16
"1556",2007,0,0.45451,16
"1557",2007,0,0.45451,16
"1558",2007,0,0.45451,16
"1559",2007,0,0.45451,16
"1560",2007,0,0.45451,16
"1561",2007,0,0.45451,16
"1562",2007,0,0.45451,16
"1563",2007,0,0.22726,16
"1564",2007,0,0.45451,16
"1565",2007,0,0.22726,16
"1566",2007,0,0.22726,16
"1567",2007,0,0.45451,16
"1568",2007,0,0.45451,16
"1569",2007,0,0.45451,16
"1570",2007,0,0.45451,16
"1571",2007,0,0.45451,16
"1572",2007,0,0.45451,16
"1573",2007,0,0.45451,16
"1574",2007,0,0.22726,16
"1575",2007,0,0.22726,16
"1576",2007,0,0.22726,16
"1577",2007,0,0.3718241087,16
"1578",2007,0,0.3233498095,16
"1579",2007,0,0.3345755194,16
"1580",2007,0,0.2933255742,16
"1581",2007,0,0.4002323099,16
"1582",2007,0,0.3296493653,16
"1583",2007,0,0.335360341,16
"1584",2007,0,0.3328784356,16
"1585",2007,0,0.3206096716,16
"1586",2007,0,0.3309922951,16
"1587",2007,0,0.3327159595,16
"1588",2007,0,0.3253781221,16
"1589",2007,0,0.289666082,16
"1590",2007,0,0.3166252163,16
"1591",2007,0,0.3177219646,16
"1592",2007,0,0.3251265241,16
"1593",2007,0,0.3288615598,16
"1594",2007,0,0.3509365218,16
"1595",2007,0,0.3234032293,16
"1596",2007,0,0.3248186572,16
"1597",2007,0,0.3145464132,16
"1598",2007,0,0.3145329838,16
"1599",2007,0,0.3370996709,16
"1600",2007,0,0.3145268,16
"1601",2007,0,0.3282278636,16
"1602",2007,0,0.3868212098,16
"1603",2007,0,0.2992035202,16
"1604",2007,0,0.3317578435,16
"1605",2007,0,0.3104153461,16
"1606",2007,0,0.3262987707,16
"1607",2007,0,0.3453449871,16
"1608",2007,0,0.3580658352,16
"1609",2007,0,0.3233331405,16
"1610",2007,0,0.3278803276,16
"1611",2007,0,0.381344,16
"1612",2007,0,0.410176,16
"1613",2007,0,0.437376,16
"1614",2007,0,0.415072,16
"1615",2007,0,0.427584,16
"1616",2007,0,0.401472,16
"1617",2007,0,0.392224,16
"1618",2007,0,0.417248,16
"1619",2007,0,0.387328,16
"1620",2007,0,0.382976,16
"1621",2007,0,0.407456,16
"1622",2007,0,0.423232,16
"1623",2008,0,0.22726,17
"1624",2008,0,0.22726,17
"1625",2008,0,0.45451,17
"1626",2008,0,0.22726,17
"1627",2008,0,0.45451,17
"1628",2008,0,0.45451,17
"1629",2008,0,0.45451,17
"1630",2008,0,0.45451,17
"1631",2008,0,0.45451,17
"1632",2008,0,0.45451,17
"1633",2008,0,0.45451,17
"1634",2008,0,0.45451,17
"1635",2008,0,0.45451,17
"1636",2008,0,0.45451,17
"1637",2008,0,0.45451,17
"1638",2008,0,0.45451,17
"1639",2008,0,0.22726,17
"1640",2008,0,0.13635,17
"1641",2008,0,0.1818,17
"1642",2008,0,0.22726,17
"1643",2008,0,0.45451,17
"1644",2008,0,0.45451,17
"1645",2008,0,0.22726,17
"1646",2008,0,0.22726,17
"1647",2008,0,0.45451,17
"1648",2008,0,0.45451,17
"1649",2008,0,0.45451,17
"1650",2008,0,0.45451,17
"1651",2008,0,0.45451,17
"1652",2008,0,0.45451,17
"1653",2008,0,0.45451,17
"1654",2008,0,0.45451,17
"1655",2008,0,0.22726,17
"1656",2008,0,0.22726,17
"1657",2008,0,0.45451,17
"1658",2008,0,0.22726,17
"1659",2008,0,0.45451,17
"1660",2008,0,0.22726,17
"1661",2008,0,0.45451,17
"1662",2008,0,0.45451,17
"1663",2008,0,0.45451,17
"1664",2008,0,0.45451,17
"1665",2008,0,0.22726,17
"1666",2008,0,0.45451,17
"1667",2008,0,0.45451,17
"1668",2008,0,0.45451,17
"1669",2008,0,0.45451,17
"1670",2008,0,0.45451,17
"1671",2008,0,0.22726,17
"1672",2008,0,0.22726,17
"1673",2008,0,0.45451,17
"1674",2008,0,0.45451,17
"1675",2008,0,0.45451,17
"1676",2008,0,0.45451,17
"1677",2008,0,0.45451,17
"1678",2008,0,0.45451,17
"1679",2008,0,0.45451,17
"1680",2008,0,0.33526756,17
"1681",2008,0,0.33526756,17
"1682",2008,0,0.34306448,17
"1683",2008,0,0.33526756,17
"1684",2008,0,0.31967372,17
"1685",2008,0,0.34306448,17
"1686",2008,0,0.33526756,17
"1687",2008,0,0.36645524,17
"1688",2008,0,0.35865832,17
"1689",2008,0,0.37425216,17
"1690",2008,0,0.31967372,17
"1691",2008,0,0.35865832,17
"1692",2008,0,0.34306448,17
"1693",2008,0,0.32747064,17
"1694",2008,0,0.34306448,17
"1695",2008,0,0.32747064,17
"1696",2008,0,0.34306448,17
"1697",2008,0,0.34306448,17
"1698",2008,0,0.32747064,17
"1699",2008,0,0.33526756,17
"1700",2008,0,0.37425216,17
"1701",2008,0,0.30407988,17
"1702",2008,0,0.33526756,17
"1703",2008,0,0.34306448,17
"1704",2008,0,0.34306448,17
"1705",2008,0,0.33526756,17
"1706",2008,0,0.35865832,17
"1707",2008,0,0.31967372,17
"1708",2008,0,0.33526756,17
"1709",2008,0,0.3508614,17
"1710",2008,0,0.33526756,17
"1711",2008,0,0.32747064,17
"1712",2008,0,0.3118768,17
"1713",2008,0,0.38204908,17
"1714",2008,0,0.423776,17
"1715",2008,0,0.379712,17
"1716",2008,0,0.502112,17
"1717",2008,0,0.388416,17
"1718",2008,0,1.426912,17
"1719",2009,0,0.45451,18
"1720",2009,0,0.45451,18
"1721",2009,0,0.22726,18
"1722",2009,0,0.45451,18
"1723",2009,0,0.22726,18
"1724",2009,0,0.22726,18
"1725",2009,0,0.45451,18
"1726",2009,0,0.45451,18
"1727",2009,0,0.45451,18
"1728",2009,0,0.45451,18
"1729",2009,0,0.45451,18
"1730",2009,0,0.45451,18
"1731",2009,0,0.45451,18
"1732",2009,0,0.22726,18
"1733",2009,0,0.45451,18
"1734",2009,0,0.22726,18
"1735",2009,0,0.45451,18
"1736",2009,0,0.22726,18
"1737",2009,0,0.22726,18
"1738",2009,0,0.45451,18
"1739",2009,0,0.45451,18
"1740",2009,0,0.45451,18
"1741",2009,0,0.45451,18
"1742",2009,0,0.45451,18
"1743",2009,0,0.45451,18
"1744",2009,0,0.45451,18
"1745",2009,0,0.45451,18
"1746",2009,0,0.45451,18
"1747",2009,0,0.45451,18
"1748",2009,0,0.45451,18
"1749",2009,0,0.45451,18
"1750",2009,0,0.45451,18
"1751",2009,0,0.45451,18
"1752",2009,0,0.22726,18
"1753",2009,0,0.45451,18
"1754",2009,0,0.45451,18
"1755",2009,0,0.45451,18
"1756",2009,0,0.45451,18
"1757",2009,0,0.45451,18
"1758",2009,0,0.45451,18
"1759",2009,0,0.22726,18
"1760",2009,0,0.22726,18
"1761",2009,0,0.45451,18
"1762",2009,0,0.22726,18
"1763",2009,0,0.1818,18
"1764",2009,0,0.22726,18
"1765",2009,0,0.22726,18
"1766",2009,0,0.22726,18
"1767",2009,0,0.45451,18
"1768",2009,0,0.45451,18
"1769",2009,0,0.45451,18
"1770",2009,0,0.45451,18
"1771",2009,0,0.45451,18
"1772",2009,0,0.22726,18
"1773",2009,0,0.22726,18
"1774",2009,0,0.3345149218,18
"1775",2009,0,0.3100374419,18
"1776",2009,0,0.356367036,18
"1777",2009,0,0.3491402736,18
"1778",2009,0,0.3628459997,18
"1779",2009,0,0.3974054734,18
"1780",2009,0,0.3209583249,18
"1781",2009,0,0.3334461566,18
"1782",2009,0,0.3171792085,18
"1783",2009,0,0.3335686026,18
"1784",2009,0,0.3275475091,18
"1785",2009,0,0.3194189728,18
"1786",2009,0,0.3335449272,18
"1787",2009,0,0.9591150879,18
"1788",2009,0,0.3520635182,18
"1789",2009,0,0.9407746721,18
"1790",2009,0,0.3528631469,18
"1791",2009,0,0.3004184245,18
"1792",2009,0,0.319297719,18
"1793",2009,0,0.3304419854,18
"1794",2009,0,0.3207888519,18
"1795",2009,0,0.308280526,18
"1796",2009,0,0.3469916116,18
"1797",2009,0,0.3199592635,18
"1798",2009,0,0.3202258332,18
"1799",2009,0,0.3377791202,18
"1800",2009,0,0.326212391,18
"1801",2009,0,0.3187204202,18
"1802",2009,0,0.3224695201,18
"1803",2009,0,0.3325057615,18
"1804",2009,0,0.3191722276,18
"1805",2009,0,0.3508022112,18
"1806",2009,0,0.3515522703,18
"1807",2009,0,0.751264,18
"1808",2009,0,0.56576,18
"1809",2009,0,0.583712,18
"1810",2009,0,0.595136,18
"1811",2009,0,0.605472,18
"1812",2009,0,0.584256,18
"1813",2009,0,0.591872,18
"1814",2009,0,0.55216,18
"1815",2009,0,0.547264,18
"1816",2009,0,0.702848,18
"1817",2009,0,0.586432,18
"1818",2010,0,0.22726,19
"1819",2010,0,0.45451,19
"1820",2010,0,0.45451,19
"1821",2010,0,0.22726,19
"1822",2010,0,0.45451,19
"1823",2010,0,0.22726,19
"1824",2010,0,0.45451,19
"1825",2010,0,0.45451,19
"1826",2010,0,0.45451,19
"1827",2010,0,0.45451,19
"1828",2010,0,0.45451,19
"1829",2010,0,0.45451,19
"1830",2010,0,0.45451,19
"1831",2010,0,0.45451,19
"1832",2010,0,0.45451,19
"1833",2010,0,0.45451,19
"1834",2010,0,0.45451,19
"1835",2010,0,0.22726,19
"1836",2010,0,0.3675536982,19
"1837",2010,0,0.4035785125,19
"1838",2010,0,0.3610184352,19
"1839",2010,0,0.3623736849,19
"1840",2010,0,0.3554714163,19
"1841",2010,0,0.3442840649,19
"1842",2010,0,0.3398463145,19
"1843",2010,0,0.3358739397,19
"1844",2010,0,0.3674103806,19
"1845",2010,0,0.3572090106,19
"1846",2010,0,0.294015066,19
"1847",2010,0,0.3616735106,19
"1848",2010,0,0.3075470549,19
"1849",2010,0,0.3251026928,19
"1850",2010,0,0.3457300458,19
"1851",2010,0,0.3346726846,19
"1852",2010,0,0.3065660792,19
"1853",2010,0,0.3041980431,19
"1854",2010,0,0.327547212,19
"1855",2010,0,0.3646666492,19
"1856",2010,0,0.3467125099,19
"1857",2010,0,0.4448795392,19
"1858",2010,0,0.3744576619,19
"1859",2010,0,0.331493818,19
"1860",2010,0,0.352622909,19
"1861",2010,0,0.3280647942,19
"1862",2010,0,0.3457380111,19
"1863",2010,0,0.3376922282,19
"1864",2010,0,0.3649123621,19
"1865",2010,0,0.3505148752,19
"1866",2010,0,0.3127444919,19
"1867",2010,0,0.3467125099,19
"1868",2010,0,0.3386286142,19
"1869",2010,0,0.3467125099,19
"1870",2011,0,0.22726,20
"1871",2011,0,0.22726,20
"1872",2011,0,0.22726,20
"1873",2011,0,0.45451,20
"1874",2011,0,0.45451,20
"1875",2011,0,0.45451,20
"1876",2011,0,0.45451,20
"1877",2011,0,0.45451,20
"1878",2011,0,0.45451,20
"1879",2011,0,0.45451,20
"1880",2011,0,0.22726,20
"1881",2011,0,0.45451,20
"1882",2011,0,0.45451,20
"1883",2011,0,0.45451,20
"1884",2011,0,0.45451,20
"1885",2011,0,0.45451,20
"1886",2011,0,0.45451,20
"1887",2011,0,0.45451,20
"1888",2011,0,0.22726,20
"1889",2011,0,0.45451,20
"1890",2011,0,0.22726,20
"1891",2011,0,0.45451,20
"1892",2011,0,0.22726,20
"1893",2011,0,0.45451,20
"1894",2011,0,0.22726,20
"1895",2011,0,0.22726,20
"1896",2011,0,0.45451,20
"1897",2011,0,0.45451,20
"1898",2011,0,0.45451,20
"1899",2011,0,0.45451,20
"1900",2011,0,0.45451,20
"1901",2011,0,0.45451,20
"1902",2011,0,0.45451,20
"1903",2011,0,0.45451,20
"1904",2011,0,0.22726,20
"1905",2011,0,0.45451,20
"1906",2011,0,0.22726,20
"1907",2011,0,0.22726,20
"1908",2011,0,0.22726,20
"1909",2011,0,0.45451,20
"1910",2011,0,0.45451,20
"1911",2011,0,0.45451,20
"1912",2011,0,0.45451,20
"1913",2011,0,0.45451,20
"1914",2011,0,0.22726,20
"1915",2011,0,0.45451,20
"1916",2011,0,0.45451,20
"1917",2011,0,0.45451,20
"1918",2011,0,0.45451,20
"1919",2011,0,0.45451,20
"1920",2011,0,0.45451,20
"1921",2011,0,0.45451,20
"1922",2011,0,0.45451,20
"1923",2011,0,0.45451,20
"1924",2011,0,0.22726,20
"1925",2011,0,0.45451,20
"1926",2011,0,0.3270524304,20
"1927",2011,0,0.3191236364,20
"1928",2011,0,0.3254030294,20
"1929",2011,0,0.3192061309,20
"1930",2011,0,0.3209793525,20
"1931",2011,0,0.3377128277,20
"1932",2011,0,0.3388851976,20
"1933",2011,0,0.3373422471,20
"1934",2011,0,0.32964983,20
"1935",2011,0,0.3275472822,20
"1936",2011,0,0.2991734724,20
"1937",2011,0,0.3271698808,20
"1938",2011,0,0.3275472143,20
"1939",2011,0,0.3226435177,20
"1940",2011,0,0.3188768132,20
"1941",2011,0,0.3532469916,20
"1942",2011,0,0.3231364515,20
"1943",2011,0,0.3258759157,20
"1944",2011,0,0.3478964816,20
"1945",2011,0,0.3397943597,20
"1946",2011,0,0.3313926927,20
"1947",2011,0,0.3397017012,20
"1948",2011,0,0.3425726667,20
"1949",2011,0,0.3426622696,20
"1950",2011,0,0.4510267463,20
"1951",2011,0,0.3329273503,20
"1952",2011,0,0.3551997193,20
"1953",2011,0,0.3342239649,20
"1954",2011,0,0.3353005839,20
"1955",2011,0,0.332075476,20
"1956",2011,0,0.3504335892,20
"1957",2012,0,0.45451,21
"1958",2012,0,0.45451,21
"1959",2012,0,0.45451,21
"1960",2012,0,0.45451,21
"1961",2012,0,0.45451,21
"1962",2012,0,0.45451,21
"1963",2012,0,0.45451,21
"1964",2012,0,0.45451,21
"1965",2012,0,0.45451,21
"1966",2012,0,0.45451,21
"1967",2012,0,0.45451,21
"1968",2012,0,0.45451,21
"1969",2012,0,0.45451,21
"1970",2012,0,0.1818,21
"1971",2012,0,0.45451,21
"1972",2012,0,0.22726,21
"1973",2012,0,0.45451,21
"1974",2012,0,0.22726,21
"1975",2012,0,0.45451,21
"1976",2012,0,0.1818,21
"1977",2012,0,0.13635,21
"1978",2012,0,0.45451,21
"1979",2012,0,0.45451,21
"1980",2012,0,0.22726,21
"1981",2012,0,0.45451,21
"1982",2012,0,0.45451,21
"1983",2012,0,0.45451,21
"1984",2012,0,0.45451,21
"1985",2012,0,0.45451,21
"1986",2012,0,0.45451,21
"1987",2012,0,0.22726,21
"1988",2012,0,0.45451,21
"1989",2012,0,0.22726,21
"1990",2012,0,0.1818,21
"1991",2012,0,0.22726,21
"1992",2012,0,0.45451,21
"1993",2012,0,0.45451,21
"1994",2012,0,0.45451,21
"1995",2012,0,0.45451,21
"1996",2012,0,0.45451,21
"1997",2012,0,0.45451,21
"1998",2012,0,0.45451,21
"1999",2012,0,0.45451,21
"2000",2012,0,0.22726,21
"2001",2012,0,0.45451,21
"2002",2012,0,0.0909,21
"2003",2012,0,0.22726,21
"2004",2012,0,0.45451,21
"2005",2012,0,0.45451,21
"2006",2012,0,0.45451,21
"2007",2012,0,0.45451,21
"2008",2012,0,0.45451,21
"2009",2012,0,0.45451,21
"2010",2012,0,0.45451,21
"2011",2012,0,0.22726,21
"2012",2012,0,0.22726,21
"2013",2012,0,0.13635,21
"2014",2012,0,0.3439913202,21
"2015",2012,0,0.3251289973,21
"2016",2012,0,0.3248988002,21
"2017",2012,0,0.3222519151,21
"2018",2012,0,0.3320310772,21
"2019",2012,0,0.3546000372,21
"2020",2012,0,0.297207578,21
"2021",2012,0,0.3089694798,21
"2022",2012,0,0.3031821847,21
"2023",2012,0,0.3205296916,21
"2024",2012,0,0.3296810668,21
"2025",2012,0,0.3205375891,21
"2026",2012,0,0.2760574977,21
"2027",2012,0,0.3098421758,21
"2028",2012,0,0.3342931992,21
"2029",2012,0,0.3161387477,21
"2030",2012,0,0.3095607811,21
"2031",2012,0,0.3316946121,21
"2032",2012,0,0.3790639426,21
"2033",2012,0,0.3304045602,21
"2034",2012,0,0.3290643601,21
"2035",2012,0,0.3487075882,21
"2036",2012,0,0.3317870367,21
"2037",2012,0,0.3431618292,21
"2038",2012,0,0.3509829969,21
"2039",2012,0,0.346110102,21
"2040",2012,0,0.3337978258,21
"2041",2012,0,0.3472079707,21
"2042",2012,0,0.3272914676,21
"2043",2012,0,0.3253227265,21
"2044",2012,0,0.3595580456,21
"2045",2012,0,0.3246416055,21
"2046",2012,0,0.3500413083,21
"2047",2012,0,0.3261459152,21
"2048",2012,0,0.3249513171,21
"2049",2012,0,0.60112,21
"2050",2012,0,0.469472,21
"2051",2012,0,0.437376,21
"2052",2012,0,0.41888,21
"2053",2012,0,0.406912,21
"2054",2012,0,0.469472,21
"2055",2012,0,0.429216,21
"2056",2012,0,0.446624,21
"2057",2012,0,0.416704,21
"2058",2012,0,0.431936,21
"2059",2012,0,0.415072,21
"2060",2012,0,0.46512,21
"2061",2012,0,0.417248,21
"2062",2012,0,0.40528,21
"2063",2012,0,0.408,21
"2064",2012,0,0.418336,21
"2065",2012,0,0.47328,21
"2066",2012,0,0.426496,21
"2067",2012,0,0.437376,21
"2068",2012,0,0.447168,21
"2069",2012,0,0.442272,21
"2070",2012,0,0.434656,21
"2071",2012,0,0.439552,21
"2072",2012,0,0.379168,21
"2073",2012,0,0.381888,21
"2074",2012,0,0.675104,21
"2075",2013,0,0.45451,22
"2076",2013,0,0.45451,22
"2077",2013,0,0.45451,22
"2078",2013,0,0.45451,22
"2079",2013,0,0.45451,22
"2080",2013,0,0.45451,22
"2081",2013,0,0.45451,22
"2082",2013,0,0.22726,22
"2083",2013,0,0.45451,22
"2084",2013,0,0.22726,22
"2085",2013,0,0.45451,22
"2086",2013,0,0.22726,22
"2087",2013,0,0.22726,22
"2088",2013,0,0.45451,22
"2089",2013,0,0.45451,22
"2090",2013,0,0.45451,22
"2091",2013,0,0.45451,22
"2092",2013,0,0.45451,22
"2093",2013,0,0.45451,22
"2094",2013,0,0.45451,22
"2095",2013,0,0.45451,22
"2096",2013,0,0.22726,22
"2097",2013,0,0.22726,22
"2098",2013,0,0.45451,22
"2099",2013,0,0.22726,22
"2100",2013,0,0.45451,22
"2101",2013,0,0.45451,22
"2102",2013,0,0.45451,22
"2103",2013,0,0.45451,22
"2104",2013,0,0.45451,22
"2105",2013,0,0.45451,22
"2106",2013,0,0.45451,22
"2107",2013,0,0.45451,22
"2108",2013,0,0.45451,22
"2109",2013,0,0.22726,22
"2110",2013,0,0.0909,22
"2111",2013,0,0.45451,22
"2112",2013,0,0.45451,22
"2113",2013,0,0.45451,22
"2114",2013,0,0.45451,22
"2115",2013,0,0.45451,22
"2116",2013,0,0.45451,22
"2117",2013,0,0.45451,22
"2118",2013,0,0.45451,22
"2119",2013,0,0.22726,22
"2120",2013,0,0.22726,22
"2121",2013,0,0.22726,22
"2122",2013,0,0.45451,22
"2123",2013,0,0.22726,22
"2124",2013,0,0.45451,22
"2125",2013,0,0.45451,22
"2126",2013,0,0.45451,22
"2127",2013,0,0.45451,22
"2128",2013,0,0.45451,22
"2129",2013,0,0.45451,22
"2130",2013,0,0.22726,22
"2131",2013,0,0.22726,22
"2132",2013,0,0.3322804009,22
"2133",2013,0,0.3116291534,22
"2134",2013,0,0.3239873863,22
"2135",2013,0,0.3063710096,22
"2136",2013,0,0.344868759,22
"2137",2013,0,0.332690476,22
"2138",2013,0,0.3485996281,22
"2139",2013,0,0.3391176869,22
"2140",2013,0,0.3455106397,22
"2141",2013,0,0.3255090636,22
"2142",2013,0,0.298264396,22
"2143",2013,0,0.3223585161,22
"2144",2013,0,0.3273325854,22
"2145",2013,0,0.3403022745,22
"2146",2013,0,0.3260489371,22
"2147",2013,0,1.020036661,22
"2148",2013,0,0.3270414827,22
"2149",2013,0,0.3210815256,22
"2150",2013,0,0.3406028278,22
"2151",2013,0,0.3237649768,22
"2152",2013,0,0.3288521575,22
"2153",2013,0,0.3240663878,22
"2154",2013,0,0.3321118985,22
"2155",2013,0,0.3327395935,22
"2156",2013,0,0.3268174951,22
"2157",2013,0,0.3280117611,22
"2158",2013,0,0.3161772661,22
"2159",2013,0,0.3229208495,22
"2160",2013,0,0.3274218508,22
"2161",2013,0,0.3232534021,22
"2162",2013,0,0.3366793491,22
"2163",2013,0,0.32154939,22
"2164",2013,0,0.38624,22
"2165",2013,0,0.41344,22
"2166",2013,0,0.42432,22
"2167",2013,0,0.41888,22
"2168",2013,0,0.4352,22
"2169",2013,0,0.42432,22
"2170",2013,0,0.408,22
"2171",2013,0,0.44064,22
"2172",2013,0,0.408,22
"2173",2013,0,0.41888,22
"2174",2014,0,0.45451,23
"2175",2014,0,0.45451,23
"2176",2014,0,0.45451,23
"2177",2014,0,0.45451,23
"2178",2014,0,0.45451,23
"2179",2014,0,0.45451,23
"2180",2014,0,0.45451,23
"2181",2014,0,0.22726,23
"2182",2014,0,0.45451,23
"2183",2014,0,0.45451,23
"2184",2014,0,0.22726,23
"2185",2014,0,0.22726,23
"2186",2014,0,0.45451,23
"2187",2014,0,0.45451,23
"2188",2014,0,0.45451,23
"2189",2014,0,0.45451,23
"2190",2014,0,0.22726,23
"2191",2014,0,0.45451,23
"2192",2014,0,0.45451,23
"2193",2014,0,0.22726,23
"2194",2014,0,0.3365336761,23
"2195",2014,1,0.3273300896,23
"2196",2014,0,0.3244294093,23
"2197",2014,0,0.3160997553,23
"2198",2014,0,0.3165956605,23
"2199",2014,0,0.3356888993,23
"2200",2014,0,0.3322995353,23
"2201",2014,0,0.3259602012,23
"2202",2014,0,0.3404273745,23
"2203",2014,0,0.3165632994,23
"2204",2014,0,0.330589408,23
"2205",2014,0,0.3248692156,23
"2206",2014,0,0.3360600124,23
"2207",2014,0,0.3160088768,23
"2208",2014,0,0.3347793527,23
"2209",2014,0,0.341505096,23
"2210",2014,0,0.3157082782,23
"2211",2014,0,0.3314431411,23
"2212",2014,0,0.3283860522,23
"2213",2014,0,0.3506682173,23
"2214",2014,0,0.3312113059,23
"2215",2014,0,0.2804333592,23
"2216",2014,0,0.3428428011,23
"2217",2014,0,0.3292517224,23
"2218",2014,0,0.3393489381,23
"2219",2014,0,0.3168374048,23
"2220",2014,0,0.3385251646,23
"2221",2014,0,0.3338780397,23
"2222",2014,0,0.3365690617,23
"2223",2014,0,0.322184032,23
"2224",2014,0,0.3238061625,23
"2225",2014,0,0.3327569128,23
"2226",2014,0,0.3385001412,23
"2227",2015,0,0.45451,24
"2228",2015,0,0.45451,24
"2229",2015,2,0.45451,24
"2230",2015,0,0.45451,24
"2231",2015,0,0.45451,24
"2232",2015,0,0.45451,24
"2233",2015,0,0.45451,24
"2234",2015,0,0.22726,24
"2235",2015,0,0.45451,24
"2236",2015,0,0.22726,24
"2237",2015,0,0.45451,24
"2238",2015,0,0.22726,24
"2239",2015,0,0.45451,24
"2240",2015,0,0.45451,24
"2241",2015,0,0.45451,24
"2242",2015,1,0.45451,24
"2243",2015,0,0.45451,24
"2244",2015,1,0.45451,24
"2245",2015,0,0.45451,24
"2246",2015,0,0.45451,24
"2247",2015,0,0.22726,24
"2248",2015,0,0.40906,24
"2249",2015,0,0.22726,24
"2250",2015,0,0.3398448588,24
"2251",2015,0,0.3369630962,24
"2252",2015,0,0.3200684921,24
"2253",2015,0,0.3399338591,24
"2254",2015,0,0.3514076366,24
"2255",2015,0,0.3448903409,24
"2256",2015,0,0.3310153116,24
"2257",2015,0,0.3201301501,24
"2258",2015,0,0.4206897313,24
"2259",2015,0,0.3324963467,24
"2260",2015,0,0.3389725581,24
"2261",2015,0,0.3229254372,24
"2262",2015,0,0.3392430006,24
"2263",2015,0,0.3368228631,24
"2264",2015,0,0.4425140527,24
"2265",2015,0,0.3235844297,24
"2266",2015,0,0.304793575,24
"2267",2015,0,0.315963993,24
"2268",2015,0,0.3443885444,24
"2269",2015,1,0.3211807461,24
"2270",2015,0,0.3346629042,24
"2271",2015,0,0.3333591375,24
"2272",2015,0,0.2907257801,24
"2273",2015,0,0.3180799828,24
"2274",2015,0,0.3230253235,24
"2275",2015,0,0.3336673607,24
"2276",2015,0,0.324367189,24
"2277",2015,0,0.3099269938,24
"2278",2015,0,0.3417803538,24
"2279",2015,0,0.3212075176,24
"2280",2015,0,0.3409812451,24
"2281",2015,0,0.3292285094,24
"2282",2015,0,0.3225841504,24
"2283",2015,0,0.3514577201,24
"2284",2015,0,0.408,24
"2285",2015,0,0.435744,24
"2286",2015,0,0.427584,24
"2287",2015,1,0.430848,24
"2288",2015,0,0.387328,24
"2289",2015,0,0.440096,24
"2290",2015,0,0.376448,24
"2291",2015,0,0.406912,24
"2292",2015,0,0.41888,24
"2293",2015,0,0.408,24
"2294",2015,0,0.403104,24
"2295",2015,0,0.412352,24
"2296",2015,0,0.453152,24
"2297",2015,0,0.415616,24
"2298",2015,0,0.375904,24
"2299",2015,1,0.392224,24
"2300",2015,0,0.422688,24
"2301",2015,0,0.441728,24
"2302",2015,0,0.433568,24
"2303",2015,0,0.411264,24
"2304",2015,3,0.41616,24
"2305",2015,0,1.088,24
"2306",2015,0,0.411808,24
"2307",2015,1,0.452064,24
"2308",2015,0,0.412896,24
"2309",2015,0,0.26112,24
"2310",2015,3,0.600576,24
"2311",2015,2,0.424864,24
"2312",2015,0,0.409088,24
"2313",2015,0,0.440096,24
"2314",2015,0,0.397664,24
"2315",2015,3,0.445536,24
"2316",2016,0,0.45451,25
"2317",2016,0,0.45451,25
"2318",2016,0,0.45451,25
"2319",2016,0,0.45451,25
"2320",2016,0,0.45451,25
"2321",2016,0,0.45451,25
"2322",2016,0,0.45451,25
"2323",2016,0,0.45451,25
"2324",2016,0,0.22726,25
"2325",2016,0,0.22726,25
"2326",2016,0,0.22726,25
"2327",2016,0,0.45451,25
"2328",2016,0,0.45451,25
"2329",2016,0,0.45451,25
"2330",2016,0,0.45451,25
"2331",2016,0,0.22726,25
"2332",2016,0,0.45451,25
"2333",2016,0,0.22726,25
"2334",2016,0,0.45451,25
"2335",2016,0,0.22726,25
"2336",2016,0,0.22726,25
"2337",2016,0,0.45451,25
"2338",2016,0,0.45451,25
"2339",2016,0,0.45451,25
"2340",2016,0,0.45451,25
"2341",2016,0,0.45451,25
"2342",2016,0,0.45451,25
"2343",2016,0,0.22726,25
"2344",2016,0,0.45451,25
"2345",2016,0,0.22726,25
"2346",2016,0,0.22726,25
"2347",2016,0,0.45451,25
"2348",2016,0,0.45451,25
"2349",2016,0,0.45451,25
"2350",2016,0,0.45451,25
"2351",2016,0,0.45451,25
"2352",2016,0,0.36361,25
"2353",2016,0,0.45451,25
"2354",2016,0,0.45451,25
"2355",2016,0,0.45451,25
"2356",2016,0,0.22726,25
"2357",2016,0,0.1818,25
"2358",2016,0,0.45451,25
"2359",2016,0,0.45451,25
"2360",2016,0,0.45451,25
"2361",2016,0,0.45451,25
"2362",2016,0,0.45451,25
"2363",2016,0,0.45451,25
"2364",2016,0,0.45451,25
"2365",2016,0,0.22726,25
"2366",2016,0,0.45451,25
"2367",2016,0,0.22726,25
"2368",2016,0,0.45451,25
"2369",2016,0,0.22726,25
"2370",2016,0,0.45451,25
"2371",2016,0,0.22726,25
"2372",2016,0,0.22726,25
"2373",2016,0,0.45451,25
"2374",2016,0,0.45451,25
"2375",2016,0,0.45451,25
"2376",2016,0,0.45451,25
"2377",2016,0,0.45451,25
"2378",2016,0,0.45451,25
"2379",2016,0,0.45451,25
"2380",2016,0,0.45451,25
"2381",2016,0,0.22726,25
"2382",2016,0,0.45451,25
"2383",2016,0,0.45451,25
"2384",2016,0,0.45451,25
"2385",2016,0,0.45451,25
"2386",2016,0,0.45451,25
"2387",2016,0,0.45451,25
"2388",2016,0,0.45451,25
"2389",2016,0,0.45451,25
"2390",2016,0,0.45451,25
"2391",2016,0,0.22726,25
"2392",2016,0,0.22726,25
"2393",2016,0,0.0909,25
"2394",2016,0,0.3213233611,25
"2395",2016,0,0.3132160832,25
"2396",2016,0,0.3273956141,25
"2397",2016,0,0.3259854944,25
"2398",2016,0,0.3385569675,25
"2399",2016,0,0.3235703197,25
"2400",2016,0,0.3313789709,25
"2401",2016,0,0.329349973,25
"2402",2016,0,0.3321708596,25
"2403",2016,0,0.3349439028,25
"2404",2016,0,0.3229140584,25
"2405",2016,0,0.3403360118,25
"2406",2016,0,0.3192745442,25
"2407",2016,0,0.3348073086,25
"2408",2016,0,0.3219640146,25
"2409",2016,0,0.3302978632,25
"2410",2016,0,0.3276814251,25
"2411",2016,0,0.3185730187,25
"2412",2016,0,0.3419951324,25
"2413",2016,0,0.3241511434,25
"2414",2016,0,0.339547673,25
"2415",2016,0,0.3186653638,25
"2416",2016,0,0.3235460977,25
"2417",2016,0,0.3318724536,25
"2418",2016,0,0.3402540724,25
"2419",2016,0,0.3283891975,25
"2420",2016,0,0.3275093969,25
"2421",2016,0,0.3454751309,25
"2422",2016,0,0.3304165628,25
"2423",2016,0,0.3331181706,25
"2424",2016,0,0.336875065,25
"2425",2016,0,0.3284162614,25
"2426",2016,0,0.3294924718,25
"2427",2016,0,0.3433305249,25
"2428",2016,0,0.437376,25
"2429",2016,0,0.471104,25
"2430",2016,0,0.38624,25
"2431",2016,0,0.418336,25
"2432",2016,0,0.440096,25
"2433",2016,0,0.4216,25
"2434",2016,0,0.417792,25
"2435",2016,0,0.727328,25
"2436",2016,0,0.429216,25
"2437",2016,0,0.458048,25
"2438",2016,0,0.447168,25
"2439",2016,0,0.403648,25
"2440",2016,0,0.41072,25
"2441",2016,0,0.41344,25
"2442",2016,0,0.38624,25
"2443",2016,0,0.403648,25
"2444",2016,0,0.439552,25
"2445",2016,0,0.355776,25
"2446",2016,0,0.389504,25
"2447",2016,0,0.327488,25
"2448",2016,0,0.100096,25
"2449",2016,0,0.415072,25
"2450",2017,0,0.45451,26
"2451",2017,0,0.45451,26
"2452",2017,0,0.45451,26
"2453",2017,0,0.45451,26
"2454",2017,0,0.45451,26
"2455",2017,0,0.45451,26
"2456",2017,0,0.45451,26
"2457",2017,0,0.22726,26
"2458",2017,0,0.45451,26
"2459",2017,0,0.22726,26
"2460",2017,0,0.45451,26
"2461",2017,0,0.22726,26
"2462",2017,0,0.45451,26
"2463",2017,0,0.45451,26
"2464",2017,0,0.45451,26
"2465",2017,0,0.45451,26
"2466",2017,0,0.45451,26
"2467",2017,0,0.45451,26
"2468",2017,0,0.22726,26
"2469",2017,0,0.45451,26
"2470",2017,0,0.45451,26
"2471",2017,0,0.45451,26
"2472",2017,0,0.22726,26
"2473",2017,0,0.22726,26
"2474",2017,0,0.22726,26
"2475",2017,0,0.45451,26
"2476",2017,0,0.45451,26
"2477",2017,0,0.45451,26
"2478",2017,0,0.45451,26
"2479",2017,0,0.45451,26
"2480",2017,0,0.45451,26
"2481",2017,0,0.45451,26
"2482",2017,0,0.45451,26
"2483",2017,0,0.22726,26
"2484",2017,0,0.45451,26
"2485",2017,0,0.22726,26
"2486",2017,0,0.45451,26
"2487",2017,0,0.45451,26
"2488",2017,0,0.45451,26
"2489",2017,0,0.45451,26
"2490",2017,0,0.45451,26
"2491",2017,0,0.45451,26
"2492",2017,0,0.45451,26
"2493",2017,0,0.45451,26
"2494",2017,0,0.45451,26
"2495",2017,0,0.45451,26
"2496",2017,0,0.27271,26
"2497",2017,0,0.22726,26
"2498",2017,0,0.22726,26
"2499",2017,0,0.22726,26
"2500",2017,0,0.45451,26
"2501",2017,0,0.45451,26
"2502",2017,0,0.22726,26
"2503",2017,0,0.22726,26
"2504",2017,0,0.22726,26
"2505",2017,0,0.45451,26
"2506",2017,0,0.45451,26
"2507",2017,0,0.3445722944,26
"2508",2017,0,0.2878105593,26
"2509",2017,0,0.3371546883,26
"2510",2017,0,0.3378900119,26
"2511",2017,0,0.3425758735,26
"2512",2017,0,0.3375293872,26
"2513",2017,0,0.3279320095,26
"2514",2017,0,0.3304865588,26
"2515",2017,0,0.3422568696,26
"2516",2017,0,0.3317598918,26
"2517",2017,1,0.527256448,26
"2518",2017,0,0.3327748285,26
"2519",2017,0,0.3469906963,26
"2520",2017,0,0.3471608633,26
"2521",2017,0,0.3401220573,26
"2522",2017,0,0.3166223041,26
"2523",2017,0,0.2841918762,26
"2524",2017,0,0.334171883,26
"2525",2017,0,0.3252658644,26
"2526",2017,0,0.3414705666,26
"2527",2017,0,0.3180768656,26
"2528",2017,0,0.3107529769,26
"2529",2017,0,0.3286970066,26
"2530",2017,0,0.4574701499,26
"2531",2017,1,0.3205974344,26
"2532",2017,0,0.321911015,26
"2533",2017,0,0.3476098107,26
"2534",2017,0,0.3256253219,26
"2535",2017,0,0.3112244894,26
"2536",2017,0,0.333982881,26
"2537",2017,0,0.3336524483,26
"2538",2017,0,0.3352270768,26
"2539",2017,0,0.3233975929,26
"2540",2017,0,0.3403743906,26
"2541",2017,0,0.42432,26
"2542",2017,0,0.42432,26
"2543",2017,0,0.42432,26
"2544",2017,0,0.41888,26
"2545",2017,0,0.46784,26
"2546",2017,0,0.4352,26
"2547",2017,0,0.37536,26
"2548",2017,0,0.41888,26
"2549",2017,0,0.41888,26
"2550",2017,0,0.40256,26
"2551",2018,0,0.454511667,27
"2552",2018,0,0.454511667,27
"2553",2018,0,0.454511667,27
"2554",2018,0,0.454511667,27
"2555",2018,0,0.454511667,27
"2556",2018,0,0.454511667,27
"2557",2018,0,0.454511667,27
"2558",2018,0,0.4090605,27
"2559",2018,0,0.454511667,27
"2560",2018,0,0.227255833,27
"2561",2018,0,0.227255833,27
"2562",2018,0,0.227255833,27
"2563",2018,0,0.454511667,27
"2564",2018,2,0.454511667,27
"2565",2018,0,0.454511667,27
"2566",2018,0,0.454511667,27
"2567",2018,0,0.454511667,27
"2568",2018,0,0.454511667,27
"2569",2018,0,0.454511667,27
"2570",2018,0,0.227255833,27
"2571",2018,0,0.454511667,27
"2572",2018,0,0.227255833,27
"2573",2018,0,0.454511667,27
"2574",2018,0,0.227255833,27
"2575",2018,0,0.3264371949,27
"2576",2018,1,0.3085730033,27
"2577",2018,0,0.3299478455,27
"2578",2018,0,0.333509381,27
"2579",2018,0,0.3294572461,27
"2580",2018,1,0.3419264119,27
"2581",2018,0,0.3409579581,27
"2582",2018,0,0.3416218829,27
"2583",2018,0,0.3365022771,27
"2584",2018,0,0.3296867578,27
"2585",2018,1,0.320838767,27
"2586",2018,0,0.3285298251,27
"2587",2018,0,0.3275880975,27
"2588",2018,0,0.3148998975,27
"2589",2018,0,0.3113114703,27
"2590",2018,0,0.3373241887,27
"2591",2018,0,0.343883194,27
"2592",2018,1,0.3244077432,27
"2593",2018,0,0.3280633907,27
"2594",2018,0,0.3370912035,27
"2595",2018,0,0.3326209602,27
"2596",2018,0,0.3544718948,27
"2597",2018,0,0.3361560502,27
"2598",2018,1,0.3358618303,27
"2599",2018,0,0.3259945879,27
"2600",2018,0,0.3403883946,27
"2601",2018,2,0.3276076108,27
"2602",2018,0,0.3311396179,27
"2603",2018,0,0.324657583,27
"2604",2018,0,0.3306584825,27
"2605",2018,0,0.3415750468,27
"2606",2018,0,0.3085416519,27
"2607",2018,0,0.3296819206,27
"2608",2018,0,0.323269725,27
"2609",2018,0,0.44608,27
"2610",2018,0,0.3808,27
"2611",2018,0,0.25024,27
"2612",2018,0,0.4352,27
"2613",2018,0,0.408,27
"2614",2019,0,0.227255833,28
"2615",2019,0,0.454511667,28
"2616",2019,0,0.454511667,28
"2617",2019,0,0.454511667,28
"2618",2019,0,0.454511667,28
"2619",2019,0,0.454511667,28
"2620",2019,0,0.454511667,28
"2621",2019,0,0.454511667,28
"2622",2019,0,0.363609333,28
"2623",2019,0,0.454511667,28
"2624",2019,0,0.227255833,28
"2625",2019,0,0.181804667,28
"2626",2019,0,0.454511667,28
"2627",2019,0,0.454511667,28
"2628",2019,0,0.454511667,28
"2629",2019,0,0.454511667,28
"2630",2019,0,0.454511667,28
"2631",2019,0,0.454511667,28
"2632",2019,0,0.454511667,28
"2633",2019,0,0.227255833,28
"2634",2019,0,0.454511667,28
"2635",2019,0,0.227255833,28
"2636",2019,0,0.454511667,28
"2637",2019,0,0.227255833,28
"2638",2019,0,0.454511667,28
"2639",2019,0,0.454511667,28
"2640",2019,0,0.454511667,28
"2641",2019,0,0.454511667,28
"2642",2019,0,0.454511667,28
"2643",2019,0,0.454511667,28
"2644",2019,0,0.454511667,28
"2645",2019,0,0.227255833,28
"2646",2019,0,0.454511667,28
"2647",2019,0,0.227255833,28
"2648",2019,0,0.454511667,28
"2649",2019,0,0.1363535,28
"2650",2019,0,0.3526464097,28
"2651",2019,0,0.3319294194,28
"2652",2019,0,0.3099396529,28
"2653",2019,0,0.3181455494,28
"2654",2019,0,0.3425522894,28
"2655",2019,0,0.3098762764,28
"2656",2019,0,0.3457450744,28
"2657",2019,0,0.3456470452,28
"2658",2019,0,0.3588495457,28
"2659",2019,0,0.3450758312,28
"2660",2019,0,0.3280361202,28
"2661",2019,0,0.3312953177,28
"2662",2019,0,0.354610885,28
"2663",2019,1,0.3347371667,28
"2664",2019,0,0.3445609015,28
"2665",2019,0,0.347621485,28
"2666",2019,0,0.3421064919,28
"2667",2019,0,0.3566794773,28
"2668",2019,1,0.3374389204,28
"2669",2019,0,0.3541542249,28
"2670",2019,1,0.3373250877,28
"2671",2019,0,0.3182775988,28
"2672",2019,0,0.3166785191,28
"2673",2019,0,0.3290578481,28
"2674",2019,2,0.3409270058,28
"2675",2019,0,0.3246036525,28
"2676",2019,2,0.2942756102,28
"2677",2019,0,0.3342154818,28
"2678",2019,1,0.4478677415,28
"2679",2019,0,0.3610259702,28
"2680",2019,0,0.3120501973,28
"2681",2019,0,0.3375698954,28
"2682",2019,0,0.3401915996,28
"2683",2019,0,0.3173954576,28
"2684",2019,0,0.35904,28
"2685",2019,0,0.419424,28
"2686",2019,0,0.388416,28
"2687",2019,0,0.437376,28
"2688",2019,0,0.433024,28
"2689",2019,0,0.447712,28
"2690",2019,0,0.429216,28
"2691",2019,0,0.437376,28
"2692",2019,0,0.400384,28
"2693",2019,0,0.368832,28
"2694",2019,0,0.491232,28
"2695",2019,0,0.39984,28
"2696",2019,0,0.389504,28
"2697",2019,0,0.387328,28
"2698",2019,0,0.431936,28
"2699",2019,0,0.407456,28
"2700",2019,0,0.390592,28
"2701",2019,1,0.419424,28
"2702",2019,1,0.444448,28
"2703",2019,1,0.406368,28
"2704",2019,0,0.450976,28
"2705",2019,0,0.401472,28
"2706",2019,0,0.4352,28
"2707",2019,0,0.449344,28
"2708",2019,0,0.462944,28
"2709",2019,0,0.412896,28
"2710",2019,0,0.522784,28
"2711",2019,0,0.378624,28
"2712",2019,0,0.422144,28
"2713",2019,0,0.392768,28
"2714",2019,0,0.41072,28
"2715",2019,1,0.368288,28
"2716",2019,0,0.352512,28
"2717",2019,0,0.421056,28
"2718",2019,0,0.431936,28
"2719",2020,0,0.227255833,29
"2720",2020,0,0.454511667,29
"2721",2020,1,0.454511667,29
"2722",2020,0,0.454511667,29
"2723",2020,0,0.454511667,29
"2724",2020,0,0.454511667,29
"2725",2020,0,0.454511667,29
"2726",2020,0,0.454511667,29
"2727",2020,0,0.454511667,29
"2728",2020,0,0.227255833,29
"2729",2020,0,0.454511667,29
"2730",2020,0,0.227255833,29
"2731",2020,0,0.454511667,29
"2732",2020,0,0.454511667,29
"2733",2020,0,0.454511667,29
"2734",2020,1,0.454511667,29
"2735",2020,0,0.454511667,29
"2736",2020,0,0.454511667,29
"2737",2020,0,0.454511667,29
"2738",2020,0,0.227255833,29
"2739",2020,0,0.454511667,29
"2740",2020,0,0.227255833,29
"2741",2020,0,0.454511667,29
"2742",2020,0,0.227255833,29
"2743",2020,0,0.227255833,29
"2744",2020,0,0.454511667,29
"2745",2020,0,0.454511667,29
"2746",2020,0,0.454511667,29
"2747",2020,0,0.454511667,29
"2748",2020,0,0.454511667,29
"2749",2020,0,0.454511667,29
"2750",2020,0,0.454511667,29
"2751",2020,0,0.454511667,29
"2752",2020,0,0.227255833,29
"2753",2020,0,0.227255833,29
"2754",2020,0,0.227255833,29
"2755",2020,0,0.545414,29
"2756",2020,0,0.454511667,29
"2757",2020,0,0.181804667,29
"2758",2020,0,0.454511667,29
"2759",2020,0,0.454511667,29
"2760",2020,0,0.454511667,29
"2761",2020,0,0.454511667,29
"2762",2020,0,0.454511667,29
"2763",2020,0,0.227255833,29
"2764",2020,0,0.227255833,29
"2765",2020,0,0.454511667,29
"2766",2020,0,0.454511667,29
"2767",2020,0,0.454511667,29
"2768",2020,0,0.454511667,29
"2769",2020,0,0.454511667,29
"2770",2020,0,0.454511667,29
"2771",2020,0,0.227255833,29
"2772",2020,0,0.3496548477,29
"2773",2020,0,0.3427593039,29
"2774",2020,0,0.3347918294,29
"2775",2020,0,0.3295701073,29
"2776",2020,0,0.3484777498,29
"2777",2020,0,0.3433511922,29
"2778",2020,0,0.3100428171,29
"2779",2020,0,0.3297042549,29
"2780",2020,0,0.3274477888,29
"2781",2020,0,0.3226013426,29
"2782",2020,0,0.3426843677,29
"2783",2020,0,0.3095844166,29
"2784",2020,0,0.3118809916,29
"2785",2020,0,0.3623774407,29
"2786",2020,0,0.3225671952,29
"2787",2020,0,0.3310911421,29
"2788",2020,0,0.3190040737,29
"2789",2020,0,0.335657367,29
"2790",2020,0,0.3485966622,29
"2791",2020,0,0.3319225503,29
"2792",2020,0,0.3473757822,29
"2793",2020,0,0.316574088,29
"2794",2020,0,0.3334421872,29
"2795",2020,0,0.3333177632,29
"2796",2020,0,0.3308002851,29
"2797",2020,0,0.3394545435,29
"2798",2020,0,0.3534191352,29
"2799",2020,0,0.3340594592,29
"2800",2020,0,0.3294674741,29
"2801",2020,0,0.3187279294,29
"2802",2020,0,0.3444657822,29
"2803",2020,0,0.3336846348,29
"2804",2020,0,0.3326673012,29
"2805",2020,0,0.3354696749,29
"2806",2020,0,0.41344,29
"2807",2020,0,0.44064,29
"2808",2020,0,0.41344,29
"2809",2020,0,0.408,29
"2810",2020,0,0.41344,29
"2811",2020,0,0.4352,29
"2812",2020,0,0.41888,29
"2813",2020,0,0.408,29
"2814",2021,0,0.227255833,30
"2815",2021,0,0.454511667,30
"2816",2021,0,0.454511667,30
"2817",2021,0,0.454511667,30
"2818",2021,0,0.454511667,30
"2819",2021,0,0.454511667,30
"2820",2021,0,0.454511667,30
"2821",2021,0,0.454511667,30
"2822",2021,0,0.454511667,30
"2823",2021,0,0.227255833,30
"2824",2021,0,0.227255833,30
"2825",2021,0,0.454511667,30
"2826",2021,0,0.454511667,30
"2827",2021,0,0.454511667,30
"2828",2021,0,0.454511667,30
"2829",2021,0,0.454511667,30
"2830",2021,0,0.454511667,30
"2831",2021,0,0.454511667,30
"2832",2021,0,0.454511667,30
"2833",2021,0,0.227255833,30
"2834",2021,0,0.454511667,30
"2835",2021,0,0.227255833,30
"2836",2021,0,0.227255833,30
"2837",2021,0,0.454511667,30
"2838",2021,0,0.454511667,30
"2839",2021,0,0.454511667,30
"2840",2021,0,0.454511667,30
"2841",2021,0,0.454511667,30
"2842",2021,0,0.454511667,30
"2843",2021,0,0.454511667,30
"2844",2021,0,0.227255833,30
"2845",2021,0,0.454511667,30
"2846",2021,0,0.329030024,30
"2847",2021,0,0.347742632,30
"2848",2021,0,0.33526756,30
"2849",2021,0,0.3368269,30
"2850",2021,0,0.3477426,30
"2851",2021,0,0.3204534,30
"2852",2021,0,0.3360473,30
"2853",2021,0,0.3469629,30
"2854",2021,0,0.3532005,30
"2855",2021,0,0.318894,30
"2856",2021,1,0.3407254,30
"2857",2021,0,0.3274706,30
"2858",2021,0,0.32903,30
"2859",2021,0,0.3344879,30
"2860",2021,0,0.3329285,30
"2861",2021,0,0.3259113,30
"2862",2021,0,0.3516411,30
"2863",2021,0,0.3360473,30
"2864",2021,0,0.3399457,30
"2865",2021,0,0.3227925,30
"2866",2021,0,0.3149956,30
"2867",2021,0,0.3274706,30
"2868",2021,0,0.3680146,30
"2869",2021,1,0.3298097,30
"2870",2021,0,0.3274706,30
"2871",2021,0,0.3212331,30
"2872",2021,0,0.3126565,30
"2873",2021,0,0.3235722,30
"2874",2021,0,0.3422848,30
"2875",2021,0,0.3173346,30
"2876",2021,0,0.3469629,30
"2877",2021,0,0.3204534,30
"2878",2021,0,0.3360473,30
"2879",2021,0,0.3321488,30
